title,tags,location,pubDate,link
Sr Director of People and Business Asia,"director, defi, crypto",Worldwide,2023-02-20T00:51:04+00:00,https://remoteOK.com/jobs/197308
Software Engineer,"crypto, defi, blockchain",Worldwide,2023-02-20T00:51:03+00:00,https://remoteOK.com/jobs/197310
Technical Writer,"defi, crypto, nft",Worldwide,2023-02-19T00:51:20+00:00,https://remoteOK.com/jobs/196795
Blockchain Rust Engineer,"design, crypto, nft",Worldwide,2023-02-19T00:51:19+00:00,https://remoteOK.com/jobs/196819
Senior Software Engineer,"software, bitcoin, architect",Worldwide,2023-02-19T00:51:19+00:00,https://remoteOK.com/jobs/196810
DeFiner Ambassador,"defi, financial, content",Worldwide,2023-02-19T00:51:19+00:00,https://remoteOK.com/jobs/196808
Communications Dragonfly Portfolio,"defi, financial",Worldwide,2023-02-19T00:51:19+00:00,https://remoteOK.com/jobs/196807
Kubernetes Engineer,"grafana, gaming, docker",Worldwide,2023-02-19T00:51:19+00:00,https://remoteOK.com/jobs/196793
DeFi Technical Researcher,"defi, design, web3",Worldwide,2023-02-19T00:51:18+00:00,https://remoteOK.com/jobs/196789
Country Ambassador,"crypto, finance, fintech",Remote Worldwide,2023-02-19T00:51:17+00:00,https://remoteOK.com/jobs/196815
Software Engineer,"software, design, amazon",Worldwide,2023-02-19T00:51:16+00:00,https://remoteOK.com/jobs/196804
Technical Support Engineer,"cryptocurrency, technical, support",Worldwide,2023-02-19T00:51:08+00:00,https://remoteOK.com/jobs/196803
Blockchain Engineer,"solidity, ethereum, engineer",Worldwide,2023-02-19T00:51:07+00:00,https://remoteOK.com/jobs/196813
Social Media & Marketing Strategist,"crypto, music, strategist",Worldwide,2023-02-19T00:51:07+00:00,https://remoteOK.com/jobs/196796
General Application,"web3, nft, nft",Worldwide,2023-02-19T00:51:06+00:00,https://remoteOK.com/jobs/196798
Growth Lead,"growth, web3, voice",Worldwide,2023-02-19T00:51:05+00:00,https://remoteOK.com/jobs/196799
Developer Relations,"developer, web3, ethereum",Worldwide,2023-02-19T00:51:04+00:00,https://remoteOK.com/jobs/196812
Software Engineer,"crypto, defi, blockchain",Worldwide,2023-02-19T00:51:04+00:00,https://remoteOK.com/jobs/196797
Software Engineer Backend,"software, defi, crypto",Worldwide,2023-02-18T23:11:03+00:00,https://remoteOK.com/jobs/196821
Application Security Engineer,"security, defi, crypto",Worldwide,2023-02-18T23:11:03+00:00,https://remoteOK.com/jobs/196820
Head of Marketing Director of Marketing,"director, crypto, nft",Worldwide,2023-02-18T00:51:11+00:00,https://remoteOK.com/jobs/196290
Head of Marketing Blockchain,"crypto, nft, developer",Worldwide,2023-02-18T00:51:10+00:00,https://remoteOK.com/jobs/196301
Software Engineer Backend,"software, system, security",Worldwide,2023-02-18T00:51:03+00:00,https://remoteOK.com/jobs/196295
Smart Contract Developer,"developer, defi, ethereum",Worldwide,2023-02-17T23:11:03+00:00,https://remoteOK.com/jobs/196303
Software Engineer Rust,"software, cryptocurrency, security",Worldwide,2023-02-17T00:51:19+00:00,https://remoteOK.com/jobs/195758
Technical Artist,"design, nft, 3d",Worldwide,2023-02-17T00:51:18+00:00,https://remoteOK.com/jobs/195779
Regional Growth Manager,"growth, manager, web3",Worldwide,2023-02-17T00:51:18+00:00,https://remoteOK.com/jobs/195763
Chinese Speaking Social Media Manager,"manager, nft, video",Worldwide,2023-02-17T00:51:17+00:00,https://remoteOK.com/jobs/195783
Director of Donor Relations,"director, crypto, support",Remote Worldwide,2023-02-17T00:51:17+00:00,https://remoteOK.com/jobs/195762
Senior Product Designer,"design, web3, crypto",Worldwide,2023-02-17T00:51:02+00:00,https://remoteOK.com/jobs/195761
Influencer Manager,"manager, web3, gaming",Worldwide,2023-02-16T23:11:10+00:00,https://remoteOK.com/jobs/195788
Software Engineer Full Stack,"software, defi, crypto",Worldwide,2023-02-16T23:11:04+00:00,https://remoteOK.com/jobs/195782
Software Engineer Frontend,"frontend, software, web3",Worldwide,2023-02-16T23:11:04+00:00,https://remoteOK.com/jobs/195778
Software Engineer Mobile,"software, web3, defi",Worldwide,2023-02-16T23:11:04+00:00,https://remoteOK.com/jobs/195776
Web3 Software Engineer,"web3, software, defi",Worldwide,2023-02-16T23:11:04+00:00,https://remoteOK.com/jobs/195755
Marketing Manager,"manager, web3, crypto",Worldwide,2023-02-16T23:11:03+00:00,https://remoteOK.com/jobs/195787
