title,link,description,pubdate,location
"Spanish Physical Therapist (100% Remote, Part-Time, Flexible Hours,)",https://himalayas.app/companies/sword-health/jobs/spanish-physical-therapist-100-remote-part-time-flexible-hours,"   Sword Health     Number of employees   501-1,000   Tech stack    Tech stack    Perks    Employee benefits  ",2023-04-09,   ES flag            Spain only      Part Time      Dot   Therapist   
"Senior Software Engineer, Personalization",https://himalayas.app/companies/mural/jobs/senior-software-engineer-personalization-4456650779,   Mural     Number of employees   201-500   Tech stack    Tech stack    Perks    Employee benefits  ,2023-04-09,   ES flag            Spain only      Full Time      Dot   Software Engineer   
Senior Data Architect (Azure),https://himalayas.app/companies/rackspace/jobs/senior-data-architect-azure,"   Rackspace     Number of employees   5,000+   Tech stack    Tech stack    Perks    Employee benefits  ",2023-04-09,   US flag               United States only      Full Time      Dot   Azure Solutions Architect   
UI/UX Designer (Contract Role) - Figma and Design Systems Experience,https://himalayas.app/companies/natural-agency/jobs/ui-ux-designer-contract-role-figma-and-design-systems-experience,   Natural Agency        Verified  Verified company       Number of employees   1-10   Tech stack    Tech stack    Dollar sign   30k-40k USD ,2023-04-09,    Contractor      Dot   UI UX Designer   
Director of Product Communications,https://himalayas.app/companies/mozilla/jobs/director-of-product-communications-9587139863,"   Mozilla     Number of employees   1,001-5,000   Tech stack    Tech stack    Perks    Employee benefits    Dollar sign   184k-317k USD ",2023-04-09,   US flag               United States only      Full Time      Dot   Director of Marketing   
Intermediate Fullstack Engineer - Ruby on Rails,https://himalayas.app/companies/employment-hero/jobs/intermediate-fullstack-engineer-ruby-on-rails,"   Employment Hero     Number of employees   501-1,000   Tech stack    Tech stack    Perks    Employee benefits  ",2023-04-09,   VN flag    Vietnam only      Full Time      Dot   Full Stack Engineer   
Head of Product Web3 Gaming,https://himalayas.app/companies/aldrijobs/head-of-product-web3-gaming-9528484171,   Aldrin     Number of employees   1-10   Tech stack    Tech stack    Perks    Employee benefits  ,2023-04-09,   US flag               United States only      Full Time      Dot   Web3 Developer   
"Senior Software Engineer - Mobile/Fullstack, Programmatic Merchandising",https://himalayas.app/companies/hopper/jobs/senior-software-engineer-mobile-fullstack-programmatic-merchandising-8277349630,   Hopper     Number of employees   201-500   Tech stack    Tech stack    Perks    Employee benefits  ,2023-04-09,   AR flag             Argentina only      Full Time      Dot   Full Stack Engineer   
Software Engineer (C++),https://himalayas.app/companies/sticker-mule/jobs/software-engineer-c,"   Sticker Mule        Verified  Verified company       Number of employees   501-1,000   Tech stack    Tech stack    Perks    Employee benefits  ",2023-04-09,    Full Time      Dot   Software Engineer   
Director of Demand Generation,https://himalayas.app/companies/wonders/jobs/director-of-demand-generation-5116259766,   Wonders     Number of employees   1-10   Tech stack    Tech stack    Perks    Employee benefits  ,2023-04-09,   US flag               United States only      Full Time      Dot   Director of Demand Generation   
Backend Engineer - Integrations (LearnIn),https://himalayas.app/companies/degreed/jobs/backend-engineer-integrations-learnin-5794152541,   Degreed     Number of employees   201-500   Tech stack    Tech stack    Perks    Employee benefits    Dollar sign   100k-150k USD ,2023-04-09,   US flag               United States only      Full Time      Dot   Implementation Engineer   
Binance Accelerator Program - SRE Engineer (Data Services),https://himalayas.app/companies/binance/jobs/binance-accelerator-program-sre-engineer-data-services,"   Binance     Number of employees   1,001-5,000   Tech stack    Tech stack    Perks    Employee benefits  ",2023-04-09,   SG flag          Singapore only      Intern      Dot   Analytics Engineer   
"Staff Software Engineer, ML Platform",https://himalayas.app/companies/reddit/jobs/staff-software-engineer-ml-platform,"   Reddit     Number of employees   501-1,000   Tech stack    Tech stack    Perks    Employee benefits    Dollar sign   198k-297k USD ",2023-04-09,   US flag               United States only      Full Time      Dot   Machine Learning Engineer   
Business Analytics &amp; Insights Lead,https://himalayas.app/companies/webflow/jobs/business-analytics-insights-lead,   Webflow     Number of employees   51-200   Tech stack    Tech stack    Perks    Employee benefits    Dollar sign   141k-215k USD ,2023-04-09,   US flag               United States only      Full Time      Dot   Business Analytics   
Data Science - Assistant General Manager / Deputy General Manager,https://himalayas.app/companies/paytm/jobs/data-science-assistant-general-manager-deputy-general-manager,"   Paytm        Verified  Verified company       Number of employees   5,000+   Tech stack    Tech stack    Perks    Employee benefits  ",2023-04-09,   IN flag               India only      Full Time      Dot   Data Scientist   
"Principal Product Manager, Emerging Markets",https://himalayas.app/companies/reddit/jobs/principal-product-manager-emerging-markets,"   Reddit     Number of employees   501-1,000   Tech stack    Tech stack    Perks    Employee benefits    Dollar sign   220k-306k USD ",2023-04-09,   US flag               United States only      Full Time      Dot   Lead Product Manager   
VP Global Corporate Controller,https://himalayas.app/companies/remote/jobs/vp-global-corporate-controller-613089628,"   Remote     Number of employees   501-1,000   Tech stack    Tech stack    Perks    Employee benefits    Dollar sign   235k-277k USD ",2023-04-09,   FR flag     France only      Full Time      Dot   VP Finance   
"Staff Software Engineer, Backend (Reddit X, Chat)",https://himalayas.app/companies/reddit/jobs/staff-software-engineer-backend-reddit-x-chat,"   Reddit     Number of employees   501-1,000   Tech stack    Tech stack    Perks    Employee benefits    Dollar sign   198k-297k USD ",2023-04-09,   US flag               United States only      Full Time      Dot   Back End Developer   
Vice President - Product,https://himalayas.app/companies/amino/jobs/vice-president-product-6983376659,   Amino     Number of employees   51-200   Tech stack    Tech stack    Perks    Employee benefits    Dollar sign   220k-290k USD ,2023-04-09,   US flag               United States only      Full Time      Dot   Director of Product   
VP Global Corporate Controller,https://himalayas.app/companies/remote/jobs/vp-global-corporate-controller-2201981352,"   Remote     Number of employees   501-1,000   Tech stack    Tech stack    Perks    Employee benefits    Dollar sign   235k-277k USD ",2023-04-09,   DE flag            Germany only      Full Time      Dot   VP Finance   
Senior Frontend Software Engineer - Pages Platform/CMS (Open to Remote across AN,https://himalayas.app/companies/canva/jobs/senior-frontend-software-engineer-pages-platform-cms-open-to-remote-across-an,"   Canva     Number of employees   501-1,000   Tech stack    Tech stack    Perks    Employee benefits  ",2023-04-09,   AU flag                    Australia only      Full Time      Dot   Front End Developer   
"Senior Product Designer (Remote, US Only)",https://himalayas.app/companies/apollo/jobs/senior-product-designer-remote-us-only,"   Apollo     Number of employees   1,001-5,000   Tech stack    Tech stack    Perks    Employee benefits  ",2023-04-09,   US flag               United States only      Full Time      Dot   Lead Product Designer   
"Software Engineer, Frontend - Jira Platform",https://himalayas.app/companies/atlassiajobs/software-engineer-frontend-jira-platform,"   Atlassian     Number of employees   5,000+   Tech stack    Tech stack    Perks    Employee benefits  ",2023-04-09,   IN flag               India only      Full Time      Dot   Front End Developer   
Software engineer (Frontend),https://himalayas.app/companies/sticker-mule/jobs/software-engineer-frontend,"   Sticker Mule        Verified  Verified company       Number of employees   501-1,000   Tech stack    Tech stack    Perks    Employee benefits  ",2023-04-09,    Full Time      Dot   Front End Developer   
App Architecture Lead,https://himalayas.app/companies/binance/jobs/app-architecture-lead,"   Binance     Number of employees   1,001-5,000   Tech stack    Tech stack    Perks    Employee benefits  ",2023-04-09,   AF flag              AM flag            AZ flag              Asia only      Full Time      Dot   Lead Software Architect   
Expression of Interest - Netflix Games Studio Engineering,https://himalayas.app/companies/netflix/jobs/expression-of-interest-netflix-games-studio-engineering-7327056347,"   Netflix     Number of employees   5,000+   Tech stack    Tech stack    Perks    Employee benefits  ",2023-04-09,   US flag               United States only      Full Time      Dot   Game Developer   
Senior Full Stack Engineer – Solana Games,https://himalayas.app/companies/solana/jobs/senior-full-stack-engineer-solana-games,   Solana     Number of employees   51-200   Tech stack    Tech stack    Perks    Employee benefits    Dollar sign   140k-240k USD ,2023-04-09,   AI flag            AG flag               AW flag               North America only      Full Time      Dot   Full Stack Engineer   
R16530 - Data Engineer II - Vietnam,https://himalayas.app/companies/rackspace/jobs/r16530-data-engineer-ii-vietnam,"   Rackspace     Number of employees   5,000+   Tech stack    Tech stack    Perks    Employee benefits  ",2023-04-09,   VN flag    Vietnam only      Full Time      Dot   Data Developer   
"Staff Software Engineer, Machine Learning (Advertiser Optimization)",https://himalayas.app/companies/reddit/jobs/staff-software-engineer-machine-learning-advertiser-optimization,"   Reddit     Number of employees   501-1,000   Tech stack    Tech stack    Perks    Employee benefits    Dollar sign   198k-297k USD ",2023-04-09,   US flag               United States only      Full Time      Dot   Machine Learning Engineer   
"Senior Backend Developer, Corporate Travel",https://himalayas.app/companies/hopper/jobs/senior-backend-developer-corporate-travel-3472268576,   Hopper     Number of employees   201-500   Tech stack    Tech stack    Perks    Employee benefits  ,2023-04-09,   CA flag             Canada only      Full Time      Dot   Back End Developer   
Senior Software Integration Tester (b2b contract),https://himalayas.app/companies/dentons/jobs/senior-software-integration-tester-b2b-contract,"   Dentons     Number of employees   5,000+   Tech stack    Tech stack  ",2023-04-09,   PL flag    Poland only      Full Time      Dot   Software Tester   
Azure/ AWS Solution Architect,https://himalayas.app/companies/rackspace/jobs/azure-aws-solution-architect,"   Rackspace     Number of employees   5,000+   Tech stack    Tech stack    Perks    Employee benefits  ",2023-04-09,   CO flag            Colombia only      Full Time      Dot   Azure Solutions Architect   
"Account Executive, Supplier Sales",https://himalayas.app/companies/xometry/jobs/account-executive-supplier-sales-3269854178,   Xometry     Number of employees   201-500   Tech stack    Tech stack    Perks    Employee benefits  ,2023-04-09,   US flag               United States only      Full Time      Dot   Account Executive   
Senior Python Full-stack/Backend Engineer - EMEA Remote,https://himalayas.app/companies/hugging-face/jobs/senior-python-full-stack-backend-engineer-emea-remote,   Hugging Face        Verified  Verified company       Number of employees   51-200   Tech stack    Tech stack    Perks    Employee benefits  ,2023-04-09,   FR flag     France only      Full Time      Dot   Full Stack Engineer   
Site Reliability Engineer,https://himalayas.app/companies/sticker-mule/jobs/site-reliability-engineer-7602773304,"   Sticker Mule        Verified  Verified company       Number of employees   501-1,000   Tech stack    Tech stack    Perks    Employee benefits  ",2023-04-09,    Full Time      Dot   Cloud Developer   
Admissions Manager (Account Executive),https://himalayas.app/companies/pathrise/jobs/admissions-manager-account-executive-8413546128,   Pathrise     Number of employees   11-50   Tech stack    Tech stack    Perks    Employee benefits    Dollar sign   50k-65k USD ,2023-04-09,    Full Time      Dot   Account Executive   
"Senior Director, Corporate Development",https://himalayas.app/companies/webflow/jobs/senior-director-corporate-development,   Webflow     Number of employees   51-200   Tech stack    Tech stack    Perks    Employee benefits    Dollar sign   209k-319k USD ,2023-04-09,   US flag               United States only      Full Time      Dot   Director of Business Development   
Account Development Representative - Dutch Fluency,https://himalayas.app/companies/samsara/jobs/account-development-representative-dutch-fluency,"   Samsara     Number of employees   1,001-5,000   Tech stack    Tech stack    Perks    Employee benefits  ",2023-04-09,   NL flag            Netherlands only      Full Time      Dot   Account Development Representative   
Lead Software Engineer Contractor - South America,https://himalayas.app/companies/lawnstarter/jobs/lead-software-engineer-contractor-south-america,   LawnStarter     Number of employees   201-500   Tech stack    Tech stack    Perks    Employee benefits  ,2023-04-09,   BR flag       Brazil only      Full Time      Dot   Lead Software Architect   
Senior Tax Specialist- REMOTE,https://himalayas.app/companies/toast/jobs/senior-tax-specialist-remote,"   Toast     Number of employees   1,001-5,000   Tech stack    Tech stack    Perks    Employee benefits    Dollar sign   72k-115k USD ",2023-04-09,    Full Time      Dot   Tax Manager   
Customer Success Manager,https://himalayas.app/companies/biorender/jobs/customer-success-manager-9304565317,   BioRender     Number of employees   11-50   Tech stack    Tech stack    Perks    Employee benefits  ,2023-04-09,   CA flag             US flag               CA &amp; US      Full Time      Dot   Customer Success Manager   
"Area Sales Manager, North Central",https://himalayas.app/companies/gitlab/jobs/area-sales-manager-north-central,"   GitLab     Number of employees   1,001-5,000   Tech stack    Tech stack    Perks    Employee benefits    Dollar sign   117k-207k USD ",2023-04-09,   US flag               United States only      Full Time      Dot   Area Sales Manager   
Sales Development Representative,https://himalayas.app/companies/deepgram/jobs/sales-development-representative,   Deepgram     Number of employees   51-200   Tech stack    Tech stack    Perks    Employee benefits  ,2023-04-09,   US flag               United States only      Full Time      Dot   Sales Development Representative   
Purchase to Pay Analyst,https://himalayas.app/companies/remote/jobs/purchase-to-pay-analyst-3750132500,"   Remote     Number of employees   501-1,000   Tech stack    Tech stack    Perks    Employee benefits  ",2023-04-09,   AR flag             Argentina only      Full Time      Dot   Financial Analyst   
Tensorflow Machine Learning Engineer - EMEA Remote,https://himalayas.app/companies/hugging-face/jobs/tensorflow-machine-learning-engineer-emea-remote,   Hugging Face        Verified  Verified company       Number of employees   51-200   Tech stack    Tech stack    Perks    Employee benefits  ,2023-04-09,   FR flag     France only      Full Time      Dot   Machine Learning Engineer   
Lead Back-End Developer Node.js Web3,https://himalayas.app/companies/aldrijobs/lead-back-end-developer-node-js-web3-147691357,   Aldrin     Number of employees   1-10   Tech stack    Tech stack    Perks    Employee benefits  ,2023-04-09,   PL flag    Poland only      Full Time      Dot   Web3 Developer   
Senior Software Developer,https://himalayas.app/companies/onelocal/jobs/senior-software-developer-7053611320,   OneLocal     Number of employees   51-200   Tech stack    Tech stack    Perks    Employee benefits  ,2023-04-09,   CA flag             Canada only      Full Time      Dot   Software Engineer   
"Senior Account Executive, Mid-Market",https://himalayas.app/companies/postscript/jobs/senior-account-executive-mid-market-6733643921,   Postscript     Number of employees   11-50   Tech stack    Tech stack    Perks    Employee benefits    Dollar sign   80k-85k USD ,2023-04-09,   AI flag            AG flag               AW flag               North America only      Full Time      Dot   Mid Market Account Executive   
Physical Therapist (São João da Madeira),https://himalayas.app/companies/sword-health/jobs/physical-therapist-sao-joao-da-madeira,"   Sword Health     Number of employees   501-1,000   Tech stack    Tech stack    Perks    Employee benefits  ",2023-04-09,   PT flag              Portugal only      Contractor      Dot   Therapist   
Technical product manager,https://himalayas.app/companies/think-shape/jobs/technical-product-manager,   Think Shape        Verified  Verified company       Number of employees   1-10 ,2023-04-09,    Part Time      Dot   Product Manager   
Founding Engineer,https://himalayas.app/companies/sirum/jobs/founding-engineer-8253471759,   Sirum     Number of employees   11-50   Tech stack    Tech stack    Perks    Employee benefits  ,2023-04-09,   US flag               United States only      Full Time      Dot   Lead Engineer   
Renewals Manager DACH,https://himalayas.app/companies/gitlab/jobs/renewals-manager-dach,"   GitLab     Number of employees   1,001-5,000   Tech stack    Tech stack    Perks    Employee benefits  ",2023-04-09,   DE flag            Germany only      Full Time      Dot   District Manager   
Account Executive II- Mid-Market,https://himalayas.app/companies/xometry/jobs/account-executive-ii-mid-market-4459282643,   Xometry     Number of employees   201-500   Tech stack    Tech stack    Perks    Employee benefits  ,2023-04-09,   US flag               United States only      Full Time      Dot   Mid Market Account Executive   
Lead Product Manager,https://himalayas.app/companies/codesignal/jobs/lead-product-manager-7333934717,   CodeSignal     Number of employees   51-200   Tech stack    Tech stack    Perks    Employee benefits    Dollar sign   100k-250k USD ,2023-04-09,   AL flag    AD flag               AT flag            Europe &amp; US      Full Time      Dot   Lead Product Manager   
"Site Reliability Engineer / Senior Site Reliability Engineer, US Public Sector S",https://himalayas.app/companies/gitlab/jobs/site-reliability-engineer-senior-site-reliability-engineer-us-public-sector-s,"   GitLab     Number of employees   1,001-5,000   Tech stack    Tech stack    Perks    Employee benefits    Dollar sign   104k-222k USD ",2023-04-09,   US flag               United States only      Full Time      Dot   Site Reliability Engineer   
Senior Frontend Engineer (Mobile),https://himalayas.app/companies/cleo/jobs/senior-frontend-engineer-mobile-4451600923,   Cleo     Number of employees   51-200   Tech stack    Tech stack    Perks    Employee benefits  ,2023-04-09,   GB flag                United Kingdom only      Full Time      Dot   Mobile App Developer   
Senior Revenue Accountant,https://himalayas.app/companies/yipitdata/jobs/senior-revenue-accountant,   YipitData     Number of employees   51-200   Tech stack    Tech stack    Perks    Employee benefits    Dollar sign   95k-95k USD ,2023-04-09,   US flag               United States only      Full Time      Dot   Revenue Accountant   
Senior or Staff Machine Learning Operations Engineer (copy),https://himalayas.app/companies/matterport/jobs/senior-or-staff-machine-learning-operations-engineer-copy,   Matterport     Number of employees   201-500   Tech stack    Tech stack    Perks    Employee benefits  ,2023-04-09,   GB flag                United Kingdom only      Full Time      Dot   Machine Learning Engineer   
Sales Operations Manager,https://himalayas.app/companies/wonders/jobs/sales-operations-manager-5820489957,   Wonders     Number of employees   1-10   Tech stack    Tech stack    Perks    Employee benefits  ,2023-04-09,   US flag               United States only      Full Time      Dot   Sales Operations Manager   
SGX Engineer,https://himalayas.app/companies/nethermind/jobs/sgx-engineer,   Nethermind     Number of employees   51-200   Tech stack    Tech stack    Perks    Employee benefits  ,2023-04-09,   SG flag          Singapore only      Full Time      Dot   Software Engineer   
Sr. Product Analyst (Remote - US Only),https://himalayas.app/companies/apollo/jobs/sr-product-analyst-remote-us-only,"   Apollo     Number of employees   1,001-5,000   Tech stack    Tech stack    Perks    Employee benefits  ",2023-04-09,   US flag               United States only      Full Time      Dot   Product Analyst   
Customer Support Consultant - Remote,https://himalayas.app/companies/moodle/jobs/customer-support-consultant-remote,   Moodle     Number of employees   201-500   Tech stack    Tech stack    Perks    Employee benefits  ,2023-04-09,   IN flag               India only      Full Time      Dot   Customer Support Specialist   
General Application,https://himalayas.app/companies/joinpropel/jobs/general-application,   Propel     Number of employees   51-200   Tech stack    Tech stack    Perks    Employee benefits  ,2023-04-09,   US flag               United States only      Full Time      Dot   Application Developer   
Care Coordinator - LGBTQ+ Health,https://himalayas.app/companies/included-health/jobs/care-coordinator-lgbtq-health,"   Included Health     Number of employees   1,001-5,000   Tech stack    Tech stack    Perks    Employee benefits  ",2023-04-09,    Full Time      Dot   Coordinator   
E-Commerce Marketing Manager,https://himalayas.app/companies/layla-martijobs/e-commerce-marketing-manager,   Layla Martin        Verified  Verified company     ,2023-04-09,   US flag               United States only      Full Time      Dot   Marketing   
"Tech Lead (Node.js, Golang, Rust Developer) Web3",https://himalayas.app/companies/aldrijobs/tech-lead-node-js-golang-rust-developer-web3-4128116216,   Aldrin     Number of employees   1-10   Tech stack    Tech stack    Perks    Employee benefits  ,2023-04-09,   GB flag                United Kingdom only      Full Time      Dot   Tech Lead   
"Software Engineer - II, Frontend",https://himalayas.app/companies/airbase/jobs/software-engineer-ii-frontend-2832738301,   Airbase        Verified  Verified company       Number of employees   201-500   Tech stack    Tech stack    Perks    Employee benefits  ,2023-04-09,   IN flag               India only      Full Time      Dot   Front End Developer   
Customer Service - Technical Support (English),https://himalayas.app/companies/gazelle/jobs/customer-service-technical-support-english-3743393922,   Gazelle     Number of employees   1-10   Tech stack    Tech stack  ,2023-04-09,   CA flag             US flag               CA &amp; US      Full Time      Dot   Customer Support   
Security Engineering Manager - Security Partnerships,https://himalayas.app/companies/canva/jobs/security-engineering-manager-security-partnerships-224368876,"   Canva     Number of employees   501-1,000   Tech stack    Tech stack    Perks    Employee benefits  ",2023-04-09,   AU flag                    Australia only      Full Time      Dot   Security Manager   
"Lead Data Analyst, Product",https://himalayas.app/companies/rocket-money/jobs/lead-data-analyst-product,   Rocket Money     Number of employees   201-500   Tech stack    Tech stack    Perks    Employee benefits  ,2023-04-09,   US flag               United States only      Full Time      Dot   Data Analyst   
Corporate Security Engineer,https://himalayas.app/companies/apollo/jobs/corporate-security-engineer,"   Apollo     Number of employees   1,001-5,000   Tech stack    Tech stack    Perks    Employee benefits  ",2023-04-09,   AR flag             Argentina only      Full Time      Dot   Information Security Engineer   
Content Production Intern,https://himalayas.app/companies/hudl/jobs/content-production-intern,"   Hudl     Number of employees   1,001-5,000   Tech stack    Tech stack    Perks    Employee benefits  ",2023-04-09,   US flag               United States only      Intern      Dot   Content Producer   
Account Executive I - Corporate Sales,https://himalayas.app/companies/xometry/jobs/account-executive-i-corporate-sales-1649053642,   Xometry     Number of employees   201-500   Tech stack    Tech stack    Perks    Employee benefits  ,2023-04-09,   US flag               United States only      Full Time      Dot   Account Executive   
Revenue Strategy Lead,https://himalayas.app/companies/headway-co/jobs/revenue-strategy-lead,"   Headway     Number of employees   501-1,000   Tech stack    Tech stack    Perks    Employee benefits  ",2023-04-09,   US flag               United States only      Full Time      Dot   Revenue Operations Lead   
Developer Community Manager,https://himalayas.app/companies/you-com/jobs/developer-community-manager,   You.com     Number of employees   11-50   Tech stack    Tech stack    Perks    Employee benefits  ,2023-04-09,   US flag               United States only      Full Time      Dot   Community Manager   
Head of Technical Recruiting,https://himalayas.app/companies/mercury/jobs/head-of-technical-recruiting,   Mercury     Number of employees   201-500   Tech stack    Tech stack    Perks    Employee benefits    Dollar sign   209k-282k USD ,2023-04-09,   CA flag             US flag               US &amp; CA      Full Time      Dot   Head of Recruiting   
"Senior Full Stack Engineer, Fashion Vertical",https://himalayas.app/companies/whatnot/jobs/senior-full-stack-engineer-fashion-vertical,   Whatnot     Number of employees   201-500   Tech stack    Tech stack    Perks    Employee benefits  ,2023-04-09,   AI flag            AG flag               AW flag               North America only      Full Time      Dot   Full Stack Engineer   
Senior Accountant - Financial Reporting and Compliance,https://himalayas.app/companies/samsara/jobs/senior-accountant-financial-reporting-and-compliance,"   Samsara     Number of employees   1,001-5,000   Tech stack    Tech stack    Perks    Employee benefits    Dollar sign   71k-105k USD ",2023-04-09,   US flag               United States only      Full Time      Dot   Financial Accountant   
"Clinician Liaison, Behavioral Health",https://himalayas.app/companies/included-health/jobs/clinician-liaison-behavioral-health,"   Included Health     Number of employees   1,001-5,000   Tech stack    Tech stack    Perks    Employee benefits  ",2023-04-09,    Full Time      Dot   Mental Health Specialist   
"Staff Software Engineer, Payments &amp; Logistics",https://himalayas.app/companies/whatnot/jobs/staff-software-engineer-payments-logistics,   Whatnot     Number of employees   201-500   Tech stack    Tech stack    Perks    Employee benefits  ,2023-04-09,   AI flag            AG flag               AW flag               North America only      Full Time      Dot   Software Engineer   
Senior Backend Software Engineer - Edge (Open to Remote across ANZ),https://himalayas.app/companies/canva/jobs/senior-backend-software-engineer-edge-open-to-remote-across-anz,"   Canva     Number of employees   501-1,000   Tech stack    Tech stack    Perks    Employee benefits  ",2023-04-09,   AU flag                    Australia only      Full Time      Dot   Back End Developer   
Software Engineer (Backend),https://himalayas.app/companies/sticker-mule/jobs/software-engineer-backend,"   Sticker Mule        Verified  Verified company       Number of employees   501-1,000   Tech stack    Tech stack    Perks    Employee benefits  ",2023-04-09,    Full Time      Dot   Software Engineer   
"Manager, Customer Success",https://himalayas.app/companies/sword-health/jobs/manager-customer-success,"   Sword Health     Number of employees   501-1,000   Tech stack    Tech stack    Perks    Employee benefits  ",2023-04-09,   US flag               United States only      Full Time      Dot   Customer Success Manager   
VP Global Corporate Controller,https://himalayas.app/companies/remote/jobs/vp-global-corporate-controller-3832971270,"   Remote     Number of employees   501-1,000   Tech stack    Tech stack    Perks    Employee benefits    Dollar sign   235k-277k USD ",2023-04-09,   NL flag            Netherlands only      Full Time      Dot   VP Finance   
"Backend Engineer (Remote, Global)",https://himalayas.app/companies/runloop/jobs/backend-engineer-remote-global,   Runloop     Number of employees   1-10   Tech stack    Tech stack    Perks    Employee benefits  ,2023-04-09,    Full Time      Dot   Infrastructure Engineer   
"Director of Data Science, Operations",https://himalayas.app/companies/monzo/jobs/director-of-data-science-operations,"   Monzo     Number of employees   1,001-5,000   Tech stack    Tech stack    Perks    Employee benefits  ",2023-04-09,   GB flag                United Kingdom only      Full Time      Dot   Chief Data Scientist   
Senior Web Front-End Security Audit Engineer,https://himalayas.app/companies/binance/jobs/senior-web-front-end-security-audit-engineer-6742351398,"   Binance     Number of employees   1,001-5,000   Tech stack    Tech stack    Perks    Employee benefits  ",2023-04-09,   AF flag              AM flag            AZ flag              Asia only      Full Time      Dot   Security Engineer   
SaaS Operations Administrator,https://himalayas.app/companies/sonatype/jobs/saas-operations-administrator,   Sonatype     Number of employees   201-500   Tech stack    Tech stack    Perks    Employee benefits  ,2023-04-09,   CA flag             Canada only      Full Time      Dot   Systems Administrator   
"Manager, Software Engineering",https://himalayas.app/companies/circle-com/jobs/manager-software-engineering-4711916536,"   Circle     Number of employees   501-1,000   Tech stack    Tech stack    Perks    Employee benefits  ",2023-04-09,   CA flag             Canada only      Full Time      Dot   Software Engineering Manager   
WordPress Engineer,https://himalayas.app/companies/great-believer/jobs/wordpress-engineer,   great believer        Verified  Verified company       Number of employees   1-10   Tech stack    Tech stack    Perks    Employee benefits    Dollar sign   65k-75k USD ,2023-04-09,   US flag               United States only      Full Time      Dot   Web Developer   
Payroll System Consultant,https://himalayas.app/companies/employment-hero/jobs/payroll-system-consultant-7272698418,"   Employment Hero     Number of employees   501-1,000   Tech stack    Tech stack    Perks    Employee benefits  ",2023-04-09,   AU flag                    Australia only      Full Time      Dot   Payroll Specialist   
"Senior Graphics Engineer, Spry Fox",https://himalayas.app/companies/netflix/jobs/senior-graphics-engineer-spry-fox,"   Netflix     Number of employees   5,000+   Tech stack    Tech stack    Perks    Employee benefits    Dollar sign   50k-250k USD ",2023-04-09,   US flag               United States only      Full Time      Dot   Software Engineer   
Head of Legal Operations,https://himalayas.app/companies/remote/jobs/head-of-legal-operations,"   Remote     Number of employees   501-1,000   Tech stack    Tech stack    Perks    Employee benefits  ",2023-04-09,   GB flag                United Kingdom only      Full Time      Dot   Legal Operations   
New Jersey Telemedicine PCP NP / APRN - REMOTE,https://himalayas.app/companies/circle-medical/jobs/new-jersey-telemedicine-pcp-np-aprn-remote-7883952334,   Circle Medical     Number of employees   51-200   Tech stack    Tech stack    Perks    Employee benefits  ,2023-04-09,   US flag               United States only      Contractor      Dot   Nurse Practitioner   
Interim Global Finance Application Consultant - Record to Report,https://himalayas.app/companies/dentons/jobs/interim-global-finance-application-consultant-record-to-report,"   Dentons     Number of employees   5,000+   Tech stack    Tech stack  ",2023-04-09,   DZ flag             AO flag              BJ flag            Africa &amp; ZA      Contractor      Dot   IT Consultant   
Business Development Representative (EMEA - French Speaking),https://himalayas.app/companies/gitlab/jobs/business-development-representative-emea-french-speaking,"   GitLab     Number of employees   1,001-5,000   Tech stack    Tech stack    Perks    Employee benefits  ",2023-04-09,   AF flag              AL flag    DZ flag             EMEA only      Full Time      Dot   Business Development Representative   
Freelance Writer,https://himalayas.app/companies/iapwe/jobs/freelance-writer-9852039921,   IAPWE        Verified  Verified company       Number of employees   1-10   Tech stack    Tech stack    Dollar sign   40k-60k USD ,2023-04-09,    Contractor      Dot   Writer   
Data Science Manager,https://himalayas.app/companies/signifyd/jobs/data-science-manager-7554520707,"   Signifyd        4 day work week     4 day work week       Number of employees   501-1,000   Tech stack    Tech stack    Perks    Employee benefits    Dollar sign   136k-213k USD ",2023-04-09,   US flag               United States only      Full Time      Dot   Data Scientist   
Software Engineering Manager,https://himalayas.app/companies/fathomhealth/jobs/software-engineering-manager-252348195,   Fathom     Number of employees   11-50   Tech stack    Tech stack    Dollar sign   180k-250k USD ,2023-04-09,   US flag               United States only      Full Time      Dot   Software Engineering Manager   
Binance Accelerator Program - Quality Assurance Engineer (Risk),https://himalayas.app/companies/binance/jobs/binance-accelerator-program-quality-assurance-engineer-risk,"   Binance     Number of employees   1,001-5,000   Tech stack    Tech stack    Perks    Employee benefits  ",2023-04-09,   SG flag          Singapore only      Intern      Dot   Security Engineer   
Senior Software Engineer,https://app.remotesome.com/jobs/396497e0-ee5d-11ec-9432-06e2d80b3260,PythonJavascriptGoogle Cloud,2023-04-09, Learn more  Apply  $100K - $125K  UTC-8 - UTC+2 
Senior Backend Engineer,https://app.remotesome.com/jobs/ca005b96-2462-11ed-9ff0-06e2d80b3260,Node.jsTypescriptPostgreSQLSolidity,2023-04-09, Learn more  Apply  $70K - $110K  Worldwide 
UX/UI Designer,https://app.remotesome.com/jobs/bef37cd8-cfac-11ed-8e96-06e2d80b3260,UX experienceFigmaStorybookHTML/CSS + 2 more.. ,2023-04-09, Learn more  Apply  NEW  $40K - $55K  UTC+0 - UTC+6 
QA Engineer,https://app.remotesome.com/jobs/d7388024-cfaa-11ed-afcb-06e2d80b3260,PostmanManual TestingAPI TestingSentry + 5 more.. ,2023-04-09, Learn more  Apply  NEW  $40K - $55K  UTC+0 - UTC+6 
Senior Frontend Engineer,https://app.remotesome.com/jobs/99878f3e-cc87-11ed-84a7-06e2d80b3260,React.jsNext.jsTypescript,2023-04-09, Learn more  Apply  NEW  €65K - €100K  UTC+0 - UTC+4 
Senior Backend Engineer,https://app.remotesome.com/jobs/0ee1c17e-cc87-11ed-b60b-06e2d80b3260,PythonDjangoRESTPostgreSQL + 1 more.. ,2023-04-09, Learn more  Apply  NEW  €65K - €100K  UTC+0 - UTC+4 
Android Engineer,https://app.remotesome.com/jobs/85984a46-cc86-11ed-b68e-06e2d80b3260,AndroidKotlin,2023-04-09, Learn more  Apply  NEW  €65K - €100K  UTC+0 - UTC+4 
iOS Engineer,https://app.remotesome.com/jobs/903deff6-cc85-11ed-afa9-06e2d80b3260,iOSSwift,2023-04-09, Learn more  Apply  NEW  €65K - €100K  UTC+0 - UTC+4 
Node.js Technical Interviewer (Part Time),https://app.remotesome.com/jobs/a2e2381e-c9a2-11ed-bf01-06e2d80b3260,Node.jsTypescript,2023-04-09, Learn more  Apply  $20K - $35K  UTC-8 - UTC+6 
Frontend Engineer,https://app.remotesome.com/jobs/f158b164-c950-11ed-90af-06e2d80b3260,React.jsTypescriptNext.jsHTML/CSS + 1 more.. ,2023-04-09, Learn more  Apply  $45K - $60K  UTC+0 - UTC+6 
Backend Engineer,https://app.remotesome.com/jobs/158bb506-c8aa-11ed-a229-06e2d80b3260,Node.jsTypescriptRESTNoSQL + 2 more.. ,2023-04-09, Learn more  Apply  $48K - $60K  UTC+0 - UTC+6 
UI/UX Designer,https://app.remotesome.com/jobs/7f2e8df4-c250-11ed-b586-06e2d80b3260,FigmaWeb3GamingMetaverse,2023-04-09, Learn more  Apply  €45K - €60K  UTC+0 - UTC+4 
Front-end Engineer,https://app.remotesome.com/jobs/48a99a68-b90d-11ed-981f-06e2d80b3260,React.jsJavascriptTypescript,2023-04-09, Learn more  Apply  €40K - €50K  UTC+0 - UTC+2 
Backend / Fullstack Software Engineer,https://app.remotesome.com/jobs/51635bfc-b909-11ed-a259-06e2d80b3260,JavascriptNext.jsTypescriptAWS + 1 more.. ,2023-04-09, Learn more  Apply  €40K - €55K  UTC+0 - UTC+3 
QA Engineer,https://app.remotesome.com/jobs/0718ffae-9742-11ed-bc80-06e2d80b3260,Automation testingTest PlanningSDKAPI Testing,2023-04-09, Learn more  Apply  $40K - $60K  UTC+0 - UTC+4 
QA Engineer,https://app.remotesome.com/jobs/1f2eb4a2-4fae-11ed-a272-06e2d80b3260,Bug ReportingTest Case DesignE-CommerceCode Review,2023-04-09, Learn more  Apply  €30K - €50K  UTC+0 - UTC+4 
Lead Frontend Engineer,https://app.remotesome.com/jobs/7c35cff4-4b90-11ed-b1f2-06e2d80b3260,React.jsJavascriptTypescriptNext.js,2023-04-09, Learn more  Apply  $80K - $100K  UTC-12 - UTC-3 
Blockchain Engineer,https://app.remotesome.com/jobs/3b382f60-2471-11ed-9728-06e2d80b3260,SolidityDeFiWeb3,2023-04-09, Learn more  Apply  $90K - $120K  UTC+0 - UTC+3 
Python Engineer,https://app.remotesome.com/jobs/6b721f64-0cdf-11ed-b0b3-06e2d80b3260,PythonSQLKafkaFastApi + 2 more.. ,2023-04-09, Learn more  Apply  $50K - $75K  UTC+0 - UTC+3 
Senior Software Engineer,https://app.remotesome.com/jobs/d548716e-d30e-11ec-809f-76c087cac25b,Ruby on RailsPostgreSQLReact.js,2023-04-09, Learn more  Apply  $100K - $180K  UTC-8 - UTC-3 
Backend Engineer,https://app.remotesome.com/jobs/871e711e-7968-11ec-98ba-fa81e1e1aeae,APIsNode.jsTypescriptGraphQL + 3 more.. ,2023-04-09, Learn more  Apply  $70K - $80K  UTC+0 - UTC+4 
Ruby on Rails Engineer,https://app.remotesome.com/jobs/c9732cf6-118c-11ec-93ff-7e3f2e6a1433,Ruby on RailsShopifyReact.jsGraphQL + 1 more.. ,2023-04-09, Learn more  Apply  €40K - €60K  UTC+0 - UTC+0 
Frontend React Technical Interviewer (Part Time),https://app.remotesome.com/jobs/4727e216-f538-11eb-b84b-7e3f2e6a1433,JavascriptTypescriptReact.js,2023-04-09, Learn more  Apply  $20K - $40K  UTC-8 - UTC+3 
None,None,None,2023-04-09,None
