title,link,pubdate,location,description
Sales Representative (Latin America ONLY),https://www.workingnomads.com/job/go/42482/,2023-03-08T15:27:29-05:00,Latin America,"creative,english,customer service"
UX Researcher,https://www.workingnomads.com/job/go/43754/,2023-03-08T08:17:21.319148-05:00,USA,"user experience,researcher,security"
Senior Experience Designer,https://www.workingnomads.com/job/go/43753/,2023-03-08T08:15:41.964973-05:00,USA,"product design,assistant"
Senior Tax Accountant: Consultant,https://www.workingnomads.com/job/go/43752/,2023-03-08T05:30:17.535291-05:00,USA,"accounting,project management"
Compensation Analyst,https://www.workingnomads.com/job/go/43751/,2023-03-08T05:22:02.381143-05:00,USA,"accounting,architecture,editing"
Sr. Marketing Consultant,https://www.workingnomads.com/job/go/43750/,2023-03-08T05:15:27.363409-05:00,USA,"strategic marketing,project management,advertising"
MUMPs Developer,https://www.workingnomads.com/job/go/43749/,2023-03-08T05:02:30.349265-05:00,USA,"project management,editing,publishing,security"
Assistant Editor,https://www.workingnomads.com/job/go/43748/,2023-03-08T04:57:05.492298-05:00,USA,"editing,assistant,publishing,journalism,social media"
Blockchain Developer,https://www.workingnomads.com/job/go/43734/,2023-03-07T13:32:23-05:00,"Europe, Latin America, Canada, UK, Ukraine","blockchain,solana,python,nodejs,english"
Full-stack Developer (React/Node),https://www.workingnomads.com/job/go/43731/,2023-03-07T13:30:49-05:00,"Europe, Latin America, Canada, UK, Ukraine","react,nodejs,javascript,typescript,english"
Full-stack Developer (Python/React),https://www.workingnomads.com/job/go/43732/,2023-03-07T13:29:50-05:00,"Europe, Latin America, Canada, UK, Ukraine","python,flask,react,aws,english"
Jr. Salesforce Administrator,https://www.workingnomads.com/job/go/43727/,2023-03-07T09:23:19.229698-05:00,USA,salesforce
Call Center Representative,https://www.workingnomads.com/job/go/43726/,2023-03-07T08:59:42.932922-05:00,USA,"call center,dotnet,customer experience,aws,qa"
User Experience Designer II,https://www.workingnomads.com/job/go/43725/,2023-03-07T08:41:15.235090-05:00,USA,"user experience,researcher"
UI/UX Developer,https://www.workingnomads.com/job/go/43724/,2023-03-07T08:34:29.944471-05:00,USA,"user interface,user experience,editing,sketch,proofreading"
Payroll Manager,https://www.workingnomads.com/job/go/43722/,2023-03-07T07:54:48.799869-05:00,USA,"payroll,sap,supply chain,customer service,successfactors"
Payroll Tax Specialist,https://www.workingnomads.com/job/go/43721/,2023-03-07T07:39:36.028235-05:00,USA,"payroll,recruiting,customer service"
Paid Media Director,https://www.workingnomads.com/job/go/43720/,2023-03-07T07:36:40.942400-05:00,USA,advertising
"Account Executive, Clinical Studies Platform",https://www.workingnomads.com/job/go/43719/,2023-03-07T07:30:13.507595-05:00,USA,"account manager,lead generation,business development,recruiting,data science"
Federal Marketing Proposal Specialist III,https://www.workingnomads.com/job/go/43718/,2023-03-07T07:25:14.570391-05:00,USA,"indesign,project management,journalism,editing,security"
Senior Product Manager,https://www.workingnomads.com/job/go/43708/,2023-03-06T13:53:47.882093-05:00,USA,product management
"Senior Director, Product Strategy",https://www.workingnomads.com/job/go/43707/,2023-03-06T13:47:31.646670-05:00,"Canada,USA","recruiting,product management,architecture,assistant,social media"
Fundraising Marketing Manager,https://www.workingnomads.com/job/go/43706/,2023-03-06T13:31:13.525069-05:00,USA,public relations
Marketing Generalist,https://www.workingnomads.com/job/go/43705/,2023-03-06T13:10:41.475891-05:00,USA,"strategic marketing,public relations,salesforce,cloud"
Director Product Design,https://www.workingnomads.com/job/go/43701/,2023-03-06T08:38:15.592290-05:00,USA,"product design,recruiting,customer experience,machine learning,salesforce"
Account Executive,https://www.workingnomads.com/job/go/43700/,2023-03-06T08:33:54.187512-05:00,USA,"account manager,machine learning,salesforce,artificial intelligence"
Senior Accountant,https://www.workingnomads.com/job/go/43699/,2023-03-06T08:29:35.783584-05:00,USA,"accounting,oracle"
Staff Accountant,https://www.workingnomads.com/job/go/43697/,2023-03-06T08:18:51.153543-05:00,USA,accounting
Account Executive,https://www.workingnomads.com/job/go/43696/,2023-03-06T07:59:55.844765-05:00,USA,"account manager,cloud,social media,payroll,security"
Proposal Writer - Marketing & Sales,https://www.workingnomads.com/job/go/43694/,2023-03-06T07:40:51.172524-05:00,USA,"publishing,project management,business development"
Account Executive (Pharma/LifeSciences/Bio-tech SaaS),https://www.workingnomads.com/job/go/43679/,2023-03-03T14:37:16-05:00,"Canada, United States, Europe","market research,client service,account manager,salesforce,saas"
Graphic Designer,https://www.workingnomads.com/job/go/43680/,2023-03-03T13:46:10.064335-05:00,USA,"photoshop,qa,illustration,indesign,social media"
Sr Associate Benefits - Retirement Plans,https://www.workingnomads.com/job/go/43678/,2023-03-03T13:19:57.554730-05:00,USA,"accounting,customer service,workday,hris,payroll"
Barcode Sales Representative,https://www.workingnomads.com/job/go/43673/,2023-03-03T05:23:23.667007-05:00,USA,lead generation
Senior Manager Marketing,https://www.workingnomads.com/job/go/43672/,2023-03-03T05:17:12.663530-05:00,USA,"lead generation,advertising,budgeting"
Proposal Writer- Remote Southeast,https://www.workingnomads.com/job/go/43671/,2023-03-03T05:12:45.000174-05:00,USA,"publishing,business development,editing,cloud"
Customer Service,https://www.workingnomads.com/job/go/43654/,2023-03-02T14:24:16.930382-05:00,USA,"customer service,recruiting,call center"
Proposal Manager / Writer,https://www.workingnomads.com/job/go/43653/,2023-03-02T14:21:34.536231-05:00,"USA,UK","publishing,business development,journalism,editing,database administration"
"Director, Marketing Analytics & Operations",https://www.workingnomads.com/job/go/43652/,2023-03-02T08:02:56.825651-05:00,USA,"program management,customer experience,ecommerce,growth hacking"
"Team Manager, Growth Accounts",https://www.workingnomads.com/job/go/43651/,2023-03-02T07:32:00.419150-05:00,USA,recruiting
Controller,https://www.workingnomads.com/job/go/43650/,2023-03-02T05:21:27.125455-05:00,USA,"accounting,cloud,payroll,security"
Property Tax Senior Manager,https://www.workingnomads.com/job/go/43649/,2023-03-02T05:19:08.851811-05:00,USA,"accounting,counselor"
UX Designer,https://www.workingnomads.com/job/go/43630/,2023-03-01T06:25:20.493900-05:00,USA,"user experience,product management,machine learning,architecture"
Tax Director,https://www.workingnomads.com/job/go/43629/,2023-03-01T06:15:08.980072-05:00,USA,"accounting,editing,cloud,payroll"
Recruiter - Agriculture Industry,https://www.workingnomads.com/job/go/43628/,2023-03-01T06:08:20.229811-05:00,USA,"recruiting,business development,express,advertising"
ENT Account Executive,https://www.workingnomads.com/job/go/43627/,2023-03-01T06:02:27.141938-05:00,USA,"account manager,project management,salesforce,cto"
Tax Manager Indirect,https://www.workingnomads.com/job/go/43626/,2023-03-01T05:41:12.884538-05:00,USA,accounting
Content Editor,https://www.workingnomads.com/job/go/43625/,2023-03-01T04:53:28.751793-05:00,USA,"editing,publishing,front end,html,proofreading"
"Marketing Operations Manager, Automation",https://www.workingnomads.com/job/go/43621/,2023-03-01T04:38:33.261496-05:00,Anywhere,"operations management,salesforce"
Senior IT Project Manager,https://www.workingnomads.com/job/go/43612/,2023-02-28T12:36:57.151079-05:00,USA,"project management,sharepoint,program management"
"Associate Director, Marketing Analytics",https://www.workingnomads.com/job/go/43611/,2023-02-28T12:29:52.593136-05:00,USA,"sql,ab testing"
Finance Manager,https://www.workingnomads.com/job/go/43610/,2023-02-28T12:11:21.284827-05:00,USA,"accounting,salesforce,customer service,business analyst,cloud"
Drupal Developer,https://www.workingnomads.com/job/go/43609/,2023-02-28T11:20:24.253789-05:00,USA,"drupal,wordpress"
Financial Data Manager,https://www.workingnomads.com/job/go/43607/,2023-02-28T11:08:15.358822-05:00,USA,
"Director, Financial Planning and Analysis",https://www.workingnomads.com/job/go/43606/,2023-02-28T10:38:39.819566-05:00,USA,"customer experience,accounting,salesforce,netsuite,budgeting"
Chief Growth Officer,https://www.workingnomads.com/job/go/43605/,2023-02-28T10:32:13.469302-05:00,"USA,Canada","lead generation,business development,salesforce,budgeting"
Presentation Designer,https://www.workingnomads.com/job/go/43604/,2023-02-28T10:24:25.176177-05:00,USA,"photoshop,business development,animation,editing,advertising"
Senior Accountant,https://www.workingnomads.com/job/go/43602/,2023-02-28T10:14:46.995604-05:00,USA,"accounting,cloud,erp,netsuite,blockchain"
Communications Specialist,https://www.workingnomads.com/job/go/43599/,2023-02-28T08:52:08.248126-05:00,USA,"content writing,editing,social media,copywriting,security"
Copywriter / Content Writer,https://www.workingnomads.com/job/go/43598/,2023-02-28T08:46:04.786407-05:00,USA,"content writing,publishing,copywriting,seo,content marketing"
Account / Sales Manager,https://www.workingnomads.com/job/go/43592/,2023-02-28T06:38:46-05:00,Anywhere,"b2b,saas,communication,english"
Product Manager (Lead Consultant),https://www.workingnomads.com/job/go/43583/,2023-02-27T09:56:54.901713-05:00,USA,"product management,call center"
Scientific Java Developer,https://www.workingnomads.com/job/go/43582/,2023-02-27T09:51:51.817887-05:00,USA,"java,javascript,devops,python,sql"
Business Development Manager,https://www.workingnomads.com/job/go/43581/,2023-02-27T09:49:36.605159-05:00,USA,"business development,program management"
Senior Technical Program Manager,https://www.workingnomads.com/job/go/43580/,2023-02-27T09:47:12.754146-05:00,USA,program management
Director of UX Design,https://www.workingnomads.com/job/go/43579/,2023-02-27T09:43:36.528697-05:00,USA,"user experience,product management,product design,architecture,publishing"
UX Manager,https://www.workingnomads.com/job/go/43577/,2023-02-27T09:30:01.244410-05:00,USA,"user experience,user interface,css,google analytics,html5"
Senior Accountant Financial Reporting,https://www.workingnomads.com/job/go/43576/,2023-02-27T09:27:23.058024-05:00,USA,"accounting,cloud,erp,netsuite,blockchain"
Senior Account Executive,https://www.workingnomads.com/job/go/43573/,2023-02-27T09:01:58.751987-05:00,USA,"account manager,software sales"
Inside Sales Representative,https://www.workingnomads.com/job/go/43572/,2023-02-27T08:52:40.597103-05:00,USA,"lead generation,recruiting"
Accounting Analyst,https://www.workingnomads.com/job/go/43570/,2023-02-27T08:41:20.222895-05:00,USA,"accounting,recruiting,oracle,data entry,customer service"
Senior Product Marketing Manager,https://www.workingnomads.com/job/go/43569/,2023-02-27T08:12:06.663672-05:00,USA,"product marketing,software sales"
Editor Outreach Specialist,https://www.workingnomads.com/job/go/43568/,2023-02-27T08:08:23.840872-05:00,USA,"editing,publishing,recruiting"
Content Writer,https://www.workingnomads.com/job/go/43567/,2023-02-27T08:02:31.967491-05:00,USA,"content writing,publishing,seo,customer service,advertising"
Global Tax Manager,https://www.workingnomads.com/job/go/43556/,2023-02-24T14:41:17.729892-05:00,USA,"accounting,tax preparer"
"Account Executive, Enterprise",https://www.workingnomads.com/job/go/43555/,2023-02-24T14:37:46.536026-05:00,USA,"account manager,salesforce"
Product Marketing Manager,https://www.workingnomads.com/job/go/43554/,2023-02-24T11:43:13.386423-05:00,"USA,Canada","product marketing,product management"
Marketing Compliance Manager,https://www.workingnomads.com/job/go/43553/,2023-02-24T10:51:20.623786-05:00,USA,public relations
UX Director,https://www.workingnomads.com/job/go/43552/,2023-02-24T10:27:21.241265-05:00,USA,"user experience,seo,program management,cloud,editing"
Sr User Experience Designer,https://www.workingnomads.com/job/go/43551/,2023-02-24T10:22:59.741055-05:00,USA,"user experience,motion graphics,android,ios,project management"
Freelance React Native Developer,https://www.workingnomads.com/job/go/30895/,2023-02-24T01:20:05.208818-05:00,Anywhere,"react,react native,project management"
Claims Call Center Representative,https://www.workingnomads.com/job/go/43529/,2023-02-23T09:08:27.403775-05:00,USA,"call center,customer service"
Sales Development Representative,https://www.workingnomads.com/job/go/43527/,2023-02-23T08:58:10.512229-05:00,USA,"lead generation,business development,cloud,social media,payroll"
Director of Software Engineering,https://www.workingnomads.com/job/go/43526/,2023-02-23T08:46:06.157674-05:00,USA,"java,python,docker,big data,golang"
"Vice President, Data Analytics & Reporting",https://www.workingnomads.com/job/go/43525/,2023-02-23T08:38:37.986956-05:00,USA,"project management,architecture"
Head Of Product Marketing,https://www.workingnomads.com/job/go/43524/,2023-02-23T08:28:32.609433-05:00,USA,product marketing
"Senior Manager, UX",https://www.workingnomads.com/job/go/43522/,2023-02-23T08:23:19.737710-05:00,USA,user experience
UX/UI Engineer - Senior/ Principal,https://www.workingnomads.com/job/go/43521/,2023-02-23T08:14:39.221403-05:00,USA,"user experience,user interface,aws,angularjs,architecture"
Reviews Editor - Productivity Products and Services,https://www.workingnomads.com/job/go/43520/,2023-02-23T07:13:19.711872-05:00,USA,"publishing,editing,seo,product management,journalism"
Accountant I,https://www.workingnomads.com/job/go/43519/,2023-02-23T07:00:23.368520-05:00,USA,"accounting,recruiting,erp"
Lead Commercial Counsel,https://www.workingnomads.com/job/go/43503/,2023-02-22T14:16:34.625263-05:00,USA,"workday,hris"
"Senior Manager, UX Design",https://www.workingnomads.com/job/go/43502/,2023-02-22T14:11:51.570595-05:00,USA,"user experience,researcher"
Senior Accountant,https://www.workingnomads.com/job/go/43501/,2023-02-22T14:05:05.549768-05:00,USA,"accounting,customer service,erp"
"VP, Product Marketing and Customer Marketing",https://www.workingnomads.com/job/go/43499/,2023-02-22T13:52:42.443796-05:00,USA,"product marketing,spring,operations management,cloud"
Senior Sales Account Director,https://www.workingnomads.com/job/go/43498/,2023-02-22T13:43:57.478888-05:00,USA,"account manager,salesforce,advertising"
Grant Writer,https://www.workingnomads.com/job/go/43497/,2023-02-22T13:33:47.135835-05:00,USA,"publishing,project management,salesforce"
Performance Marketing Senior Video Editor,https://www.workingnomads.com/job/go/43496/,2023-02-22T13:19:37.314528-05:00,USA,"editing,publishing,project management,photoshop,machine learning"
Enterprise Sales Executive,https://www.workingnomads.com/job/go/43486/,2023-02-22T13:06:36.903353-05:00,UK,"customer experience,salesforce,cli,javascript,backbonejs"
"VP, Sales",https://www.workingnomads.com/job/go/43417/,2023-02-21T12:29:31.348657-05:00,USA,"business development,architecture"
Product Design Director,https://www.workingnomads.com/job/go/43406/,2023-02-21T07:57:06.134151-05:00,USA,"product design,product management,ios,swift,user experience"
Project Accountant Contractor,https://www.workingnomads.com/job/go/43405/,2023-02-21T07:41:26.939205-05:00,USA,accounting
Director of Sales,https://www.workingnomads.com/job/go/43404/,2023-02-21T07:38:14.289825-05:00,USA,"trading,customer service,software sales"
Business Information Security Manager,https://www.workingnomads.com/job/go/43403/,2023-02-21T07:30:09.806831-05:00,USA,"infosec,security,risk management,cyber security,cloud"
Content Marketing Specialist,https://www.workingnomads.com/job/go/43402/,2023-02-21T07:04:18.342799-05:00,USA,"content marketing,project management,business development,editing,assistant"
Senior Proposal Writer,https://www.workingnomads.com/job/go/43401/,2023-02-21T06:58:10.561746-05:00,USA,publishing
Freelance Writer,https://www.workingnomads.com/job/go/43400/,2023-02-21T06:47:25.795277-05:00,USA,"publishing,seo,entertainment,editing,content writing"
Video Editor - Performance Marketing,https://www.workingnomads.com/job/go/43399/,2023-02-21T06:01:57.760447-05:00,USA,"editing,publishing,project management,photoshop,machine learning"
Chief Financial Officer,https://www.workingnomads.com/job/go/43397/,2023-02-20T09:50:27.034409-05:00,USA,"accounting,payroll"
"Manager, Accounting Advisory",https://www.workingnomads.com/job/go/43396/,2023-02-20T09:44:22.748605-05:00,USA,"accounting,project management,business development,budgeting"
Senior Financial Analyst,https://www.workingnomads.com/job/go/43395/,2023-02-20T09:39:03.738248-05:00,USA,"recruiting,sap,accounting,budgeting"
Senior Business Analyst - Salesforce,https://www.workingnomads.com/job/go/43394/,2023-02-20T09:30:10.935424-05:00,USA,"salesforce,business analyst,devops,business management,project management"
Local Trial Manager,https://www.workingnomads.com/job/go/43393/,2023-02-20T09:25:14.925421-05:00,USA,"project management,clinical research"
Product Marketing Manager,https://www.workingnomads.com/job/go/43391/,2023-02-20T09:00:38.104921-05:00,"USA,UK","product marketing,product management,lead generation,advertising"
Content Marketing Manager,https://www.workingnomads.com/job/go/43390/,2023-02-20T08:44:31.161337-05:00,USA,"content marketing,seo,product marketing,iot,cloud"
Vice President of Real Estate Division,https://www.workingnomads.com/job/go/43389/,2023-02-20T08:40:09.367998-05:00,USA,"lead generation,business development"
Senior Enterprise Account Executive,https://www.workingnomads.com/job/go/43388/,2023-02-20T08:25:21.412607-05:00,USA,"account manager,supply chain,trading,data entry,software sales"
Marketing Content Writer,https://www.workingnomads.com/job/go/43386/,2023-02-20T08:15:44.465632-05:00,USA,"content writing,publishing,seo,lead generation,qa"
Tech Writer / Report Writer,https://www.workingnomads.com/job/go/43385/,2023-02-20T08:04:18.779402-05:00,USA,"publishing,technical writing"
"Chat Assassin Sales Specialist - Advanced English, Latin America (ONLY)",https://www.workingnomads.com/job/go/42225/,2023-02-19T06:02:14-05:00,Latin America,"english,social media,customer service"
UX Researcher,https://www.workingnomads.com/job/go/43358/,2023-02-17T08:23:38.897147-05:00,USA,"user experience,researcher,user interface"
Senior Financial Analyst,https://www.workingnomads.com/job/go/43357/,2023-02-17T08:00:58.367567-05:00,USA,"oracle,accounting,customer service,erp,netsuite"
Principal Product Manager,https://www.workingnomads.com/job/go/43356/,2023-02-17T07:51:18.682213-05:00,USA,"product management,ios,accounting,user experience,scrum master"
Marketing Automation Manager,https://www.workingnomads.com/job/go/43355/,2023-02-17T07:44:40.715563-05:00,USA,"customer experience,qa,web analytics,salesforce,cloud"
Director of Marketing,https://www.workingnomads.com/job/go/43354/,2023-02-17T07:26:33.985279-05:00,USA,"web analytics,public relations,advertising,social media"
Sales Representative,https://www.workingnomads.com/job/go/43353/,2023-02-17T07:19:58.737247-05:00,USA,advertising
Demand Generation Manager,https://www.workingnomads.com/job/go/43352/,2023-02-17T06:49:47.861859-05:00,USA,"seo,lead generation,project management,customer experience,advertising"
PR Senior Account Executive,https://www.workingnomads.com/job/go/43351/,2023-02-17T06:43:09.505200-05:00,USA,"account manager,program management,public relations,google analytics,recruiting"
Senior Boomi Developer,https://www.workingnomads.com/job/go/43343/,2023-02-17T05:31:55.093881-05:00,USA,"java,javascript,python,tech support,oracle"
B2B Administrative Assistant,https://www.workingnomads.com/job/go/43339/,2023-02-16T14:32:12.388220-05:00,USA,"assistant,sharepoint,customer experience,architecture,customer service"
Salesforce Administrator,https://www.workingnomads.com/job/go/43338/,2023-02-16T14:13:58.870398-05:00,USA,"salesforce,scrum master"
Principal UX Designer,https://www.workingnomads.com/job/go/43316/,2023-02-16T13:17:52.630457-05:00,USA,user experience
Sr. Financial Reporting / Tech Accting,https://www.workingnomads.com/job/go/43315/,2023-02-16T13:09:04.354588-05:00,USA,"accounting,flux,javascript"
Senior Fund Accountant,https://www.workingnomads.com/job/go/43314/,2023-02-16T12:52:50.742252-05:00,USA,accounting
Product Marketing Manager,https://www.workingnomads.com/job/go/43313/,2023-02-16T12:49:32.282039-05:00,USA,"product marketing,product management,project management,salesforce"
Senior Manager of Content,https://www.workingnomads.com/job/go/43312/,2023-02-16T12:46:35.794621-05:00,USA,"seo,content marketing,customer experience,email marketing,google analytics"
Enterprise Account Executive,https://www.workingnomads.com/job/go/43311/,2023-02-16T12:43:19.276870-05:00,USA,"account manager,salesforce"
Senior Accountant,https://www.workingnomads.com/job/go/43297/,2023-02-15T14:28:25.413674-05:00,USA,"accounting,recruiting"
Customer Service Emergency Dispatch,https://www.workingnomads.com/job/go/43295/,2023-02-15T13:56:16.632903-05:00,USA,"customer service,security"
UX/UI Administrative Coordinator,https://www.workingnomads.com/job/go/43294/,2023-02-15T13:41:29.107650-05:00,USA,"user experience,user interface,recruiting,supply chain,customer experience"
Senior Content Marketing Manager,https://www.workingnomads.com/job/go/43293/,2023-02-15T13:38:14.976839-05:00,USA,"content marketing,seo,product marketing,journalism,social media"
Marketing Director,https://www.workingnomads.com/job/go/43276/,2023-02-15T11:46:45-05:00,Remote (United States EST Preferred),"project management,advertising,social media,english"
Senior Accountant,https://www.workingnomads.com/job/go/43274/,2023-02-14T13:28:20.886645-05:00,USA,accounting
Sales and Marketing Coordinator,https://www.workingnomads.com/job/go/43273/,2023-02-14T13:07:15.213730-05:00,USA,"lead generation,sharepoint"
Proposal Writer,https://www.workingnomads.com/job/go/43272/,2023-02-14T13:00:01.023536-05:00,USA,"publishing,business development,editing"
IT Operations Manager - RapidSeedbox,https://www.workingnomads.com/job/go/43252/,2023-02-14T01:01:57-05:00,"100% Remote,Anyhwere","operations manager,leadership,communication,network engineer,linux"
"Business Operations, Management and HR Writers",https://www.workingnomads.com/job/go/43250/,2023-02-14T00:56:30-05:00,Anywhere,"b2b,saas,business operations,seo,english"
Administrative Assistant IV,https://www.workingnomads.com/job/go/43251/,2023-02-13T12:54:06.339387-05:00,USA,"assistant,supply chain,sharepoint,customer service"
UX/UI Designer,https://www.workingnomads.com/job/go/43247/,2023-02-13T10:09:41-05:00,"Europe, Latin America, Canada, UK, Ukraine","digital product,user experience,user interface,figma,invision"
Mid Market Account Executive,https://www.workingnomads.com/job/go/43246/,2023-02-13T05:20:25.184874-05:00,USA,"account manager,customer experience,salesforce,advertising,social media"
Federal Marketing Proposal Specialist,https://www.workingnomads.com/job/go/43244/,2023-02-13T04:54:17.020400-05:00,USA,"indesign,project management,journalism,editing,security"
Freelance Travel Consultant,https://www.workingnomads.com/job/go/42587/,2023-02-11T07:32:30-05:00,Anywhere,"creative,english"
Head of Growth / Marketing for VC Funded Music AI Startup,https://www.workingnomads.com/job/go/43216/,2023-02-11T02:03:04-05:00,EU timezones,"saas,ecommerce,seo,ppc,ab testing"
Ruby on Rails developer,https://www.workingnomads.com/job/go/22120/,2023-02-11T01:20:04.822697-05:00,Anywhere,"ruby,ruby on rails,javascript,front end"
Administrative Assistant - Financial Aid,https://www.workingnomads.com/job/go/43214/,2023-02-10T07:12:19.937353-05:00,USA,"assistant,data entry,customer service,counselor"
Tax Manager - Individual,https://www.workingnomads.com/job/go/43212/,2023-02-10T05:56:57.470173-05:00,USA,"accounting,recruiting"
Customer Service Collections,https://www.workingnomads.com/job/go/43211/,2023-02-10T04:37:43.269726-05:00,USA,"customer service,security"
User Experience Designer,https://www.workingnomads.com/job/go/43210/,2023-02-10T04:33:55.586583-05:00,USA,"user experience,architecture,css,html5,product management"
Product Marketing Director,https://www.workingnomads.com/job/go/43209/,2023-02-10T04:22:17.577043-05:00,USA,"product marketing,supply chain,project management,machine learning,ecommerce"
Senior Manager Product Marketing,https://www.workingnomads.com/job/go/43208/,2023-02-10T04:18:30.549914-05:00,USA,"product marketing,product management,lead generation,social media"
Customer Experience Advocate,https://www.workingnomads.com/job/go/43190/,2023-02-09T14:58:02.895379-05:00,USA,"customer experience,editing,customer service"
Sr. AWS Cloud DevOps Engineer,https://www.workingnomads.com/job/go/43189/,2023-02-09T14:44:26.814453-05:00,USA,"devops,aws,cloud,react native,architecture"
Support Admin,https://www.workingnomads.com/job/go/43188/,2023-02-09T14:35:35.972883-05:00,USA,"project management,data entry,assistant"
Inside Sales Manager,https://www.workingnomads.com/job/go/43187/,2023-02-09T14:26:44.480596-05:00,USA,customer experience
UI/UX Designer,https://www.workingnomads.com/job/go/43186/,2023-02-09T09:30:27.608806-05:00,USA,"user interface,user experience,photoshop,product design,architecture"
"Sr Marketing Associate, Proposal Content",https://www.workingnomads.com/job/go/43185/,2023-02-09T05:28:13.306096-05:00,USA,"editing,publishing,project management,program management,journalism"
Product Marketing Manager,https://www.workingnomads.com/job/go/43179/,2023-02-09T05:09:24.662400-05:00,USA,
Senior Customer Success Manager,https://www.workingnomads.com/job/go/43169/,2023-02-08T12:17:20-05:00,PST to EST timezones,"project management,saas,communication"
Product Marketing Manager,https://www.workingnomads.com/job/go/43155/,2023-02-08T04:48:33.130840-05:00,USA,"product marketing,recruiting"
Capacity Planner,https://www.workingnomads.com/job/go/43153/,2023-02-08T04:45:05.609103-05:00,USA,"product management,sql,architecture,entertainment,javascript"
iOS/Swift Developer,https://www.workingnomads.com/job/go/43129/,2023-02-07T08:34:35-05:00,"Europe, UK, Latin America, Canada","ios,swift,git,english"
