title,link,description,pubdate,location,timestamp
Marketing Digital,https://mx.indeed.com/company/Klober-Online-Group/jobs/Marketing-digital-320ee735b529bd37?fccid=bead3d7b1523b597&vjs=3,"<div class=""job-snippet""><ul style=""list-style-type:circle;margin-top: 0px;margin-bottom: 0px;padding-left:20px;""> 
 <li style=""margin-bottom:0px;"">Email Marketing de preferencia Klaviyo.</li>
 <li>Vacaciones adicionales o permisos con goce de sueldo.</li>
</ul></div><span class=""date""><span class=""visually-hidden"">Posted</span>Recién publicado</span><span class=""result-link-bar-separator"">·</span><button type=""button"" class=""sl resultLink more_links_button"" aria-expanded=""false"">más...</button>",2023-06-14,Remoto,2023-06-14 00:57:47.770602
Vendedor de Productos de Limpieza,https://mx.indeed.com/company/TodoLimpieza.mx/jobs/Intendente-38eb1319d6f72c56?fccid=dd616958bd9ddc12&vjs=3,"<div class=""job-snippet""><ul style=""list-style-type:circle;margin-top: 0px;margin-bottom: 0px;padding-left:20px;""> 
 <li style=""margin-bottom:0px;"">Manejo de plataformas digitales (whatsapp for business, CRM, Meta, LinkedIN, e-commerce) Deseable.</li>
 <li>Bachillerato trunco o en curso (Deseable).</li>
</ul></div><span class=""date""><span class=""visually-hidden"">Posted</span>Recién publicado</span><span class=""result-link-bar-separator"">·</span><button type=""button"" class=""sl resultLink more_links_button"" aria-expanded=""false"">más...</button>",2023-06-14,Remoto,2023-06-14 00:57:47.832462
BECARIOS DE SISTEMAS,https://mx.indeed.com/company/Factor-IT/jobs/Becario-de-sistemas-0a653a772ac9788a?fccid=574e7645c862913f&vjs=3,"<div class=""job-snippet""><ul style=""list-style-type:circle;margin-top: 0px;margin-bottom: 0px;padding-left:20px;""> 
 <li style=""margin-bottom:0px;"">Área de Big Data y Analytics.</li>
 <li style=""margin-bottom:0px;"">Área de Desarrollo de software.</li>
 <li>Ser egresado ó estar en los últimos ciclos de la carrera de la carrera de Ing. en Sistemas,…</li>
</ul></div><span class=""date""><span class=""visually-hidden"">Posted</span>Recién publicado</span><span class=""result-link-bar-separator"">·</span><button type=""button"" class=""sl resultLink more_links_button"" aria-expanded=""false"">más...</button>",2023-06-14,Remoto,2023-06-14 00:57:47.882369
LIDER TECNICO SERVICIOS BANCARIOS,https://mx.indeed.com/company/Servicios-Electr%C3%B3nicos-Globales/jobs/Lider-de-servicios-4b64d98dd6bb6591?fccid=59bbf99ac49d499d&vjs=3,"<div class=""job-snippet""><ul style=""list-style-type:circle;margin-top: 0px;margin-bottom: 0px;padding-left:20px;""> 
 <li style=""margin-bottom:0px;"">Experiencia en gestión de proyectos utilizando metodologías ágiles o de cascadas (3 AÑOS).</li>
 <li>Comprensión de documentación en inglés (indispensable).</li>
</ul></div><span class=""date""><span class=""visually-hidden"">Posted</span>Recién publicado</span><span class=""result-link-bar-separator"">·</span><button type=""button"" class=""sl resultLink more_links_button"" aria-expanded=""false"">más...</button>",2023-06-14,Remoto,2023-06-14 00:57:47.938328
Especialista en Google ads y Facebook ads,https://mx.indeed.com/company/Ecoland/jobs/Especialista-de-google-ads-b56c7e0b3b70f543?fccid=69b542cc8949c804&vjs=3,"<div class=""job-snippet""><ul style=""list-style-type:circle;margin-top: 0px;margin-bottom: 0px;padding-left:20px;""> 
 <li style=""margin-bottom:0px;"">Extenso conocimiento de redes sociales y plataformas de publicidad.</li>
 <li>Comprender los objetivos de marketing del cliente y poder desarrollar una estrategia de…</li>
</ul></div><span class=""date""><span class=""visually-hidden"">Posted</span>Recién publicado</span><span class=""result-link-bar-separator"">·</span><button type=""button"" class=""sl resultLink more_links_button"" aria-expanded=""false"">más...</button>",2023-06-14,Remoto,2023-06-14 00:57:47.978584
ANALISTA DE SOPORTE A LA PRODUCCION SR,https://mx.indeed.com/company/Servicios-Electr%C3%B3nicos-Globales/jobs/Planeador-de-producci%C3%B3n-77dba1f25da8bbf2?fccid=59bbf99ac49d499d&vjs=3,"<div class=""job-snippet""><ul style=""list-style-type:circle;margin-top: 0px;margin-bottom: 0px;padding-left:20px;""> 
 <li style=""margin-bottom:0px;"">Análisis y solución de incidentes productivos.</li>
 <li style=""margin-bottom:0px;"">Generación de diagnósticos de incidentes y/o problemas.</li>
 <li>Carrera concluida en el área de TI (Ing. en Sistemas…</li>
</ul></div><span class=""date""><span class=""visually-hidden"">Posted</span>Recién publicado</span><span class=""result-link-bar-separator"">·</span><button type=""button"" class=""sl resultLink more_links_button"" aria-expanded=""false"">más...</button>",2023-06-14,Remoto,2023-06-14 00:57:48.020180
Software Engineer,https://mx.indeed.com/company/Console-One/jobs/Ingeniero-de-software-49197cb08582212b?fccid=8bb1b24987e3512e&vjs=3,"<div class=""job-snippet""><ul style=""list-style-type:circle;margin-top: 0px;margin-bottom: 0px;padding-left:20px;""> 
 <li style=""margin-bottom:0px;"">Ayudar a resolver problemas en cómputo distribuido implementando algoritmos en Typescript y JavaScript.</li>
 <li>No se requiere experiencia en estos, solo requerimos que…</li>
</ul></div><span class=""date""><span class=""visually-hidden"">Posted</span>Recién publicado</span><span class=""result-link-bar-separator"">·</span><button type=""button"" class=""sl resultLink more_links_button"" aria-expanded=""false"">más...</button>",2023-06-14,Remoto,2023-06-14 00:57:48.070835
Tester,https://mx.indeed.com/company/Servicios-Electr%C3%B3nicos-Globales/jobs/Tester-0d9525b12bd3f07d?fccid=59bbf99ac49d499d&vjs=3,"<div class=""job-snippet""><ul style=""list-style-type:circle;margin-top: 0px;margin-bottom: 0px;padding-left:20px;""> 
 <li style=""margin-bottom:0px;"">Lic. O Ingeniería en Sistemas, Tecnologías de la información o a fin, pasantes o titulados.</li>
 <li>Conocimiento en sistemas operativos UNIX, LINUX , manejo a nivel de…</li>
</ul></div><span class=""date""><span class=""visually-hidden"">Posted</span>Recién publicado</span><span class=""result-link-bar-separator"">·</span><button type=""button"" class=""sl resultLink more_links_button"" aria-expanded=""false"">más...</button>",2023-06-14,Remoto,2023-06-14 00:57:48.108792
Teacher Online,https://mx.indeed.com/company/VOCABLO-IDIOMAS-PREMIUM/jobs/Teacher-online-a7124635b7a94bf8?fccid=3f959068ce8b96ee&vjs=3,"<div class=""job-snippet""><ul style=""list-style-type:circle;margin-top: 0px;margin-bottom: 0px;padding-left:20px;""> 
 <li>Vacaciones adicionales o permisos con goce de sueldo.</li>
</ul></div><span class=""date""><span class=""visually-hidden"">Posted</span>Recién publicado</span><span class=""result-link-bar-separator"">·</span><button type=""button"" class=""sl resultLink more_links_button"" aria-expanded=""false"">más...</button>",2023-06-14,Remoto,2023-06-14 00:57:48.154619
Renewals Account Representative,https://mx.indeed.com/rc/clk?jk=ecc6cc2055d77d87&fccid=c908408e676247d6&vjs=3,"<div class=""job-snippet""><ul style=""list-style-type:circle;margin-top: 0px;margin-bottom: 0px;padding-left:20px;""> 
 <li>As a Renewals Account Representative, you will play a crucial role in driving maintenance renewal sales within a designated territory.</li>
</ul></div><span class=""date""><span class=""visually-hidden"">Posted</span>Recién publicado</span><span class=""result-link-bar-separator"">·</span><button type=""button"" class=""sl resultLink more_links_button"" aria-expanded=""false"">más...</button>",2023-06-14,Remoto,2023-06-14 00:57:48.197700
Teacher coach,https://mx.indeed.com/company/VOCABLO-IDIOMAS-PREMIUM/jobs/Teacher-coach-8c8effa9453672c5?fccid=3f959068ce8b96ee&vjs=3,"<div class=""job-snippet""><ul style=""list-style-type:circle;margin-top: 0px;margin-bottom: 0px;padding-left:20px;""> 
 <li style=""margin-bottom:0px;"">Los teacher coach son virtuales y trabajan desde casa.</li>
 <li>Bachillerato trunco o en curso (Deseable).</li>
</ul></div><span class=""date""><span class=""visually-hidden"">Posted</span>Recién publicado</span><span class=""result-link-bar-separator"">·</span><button type=""button"" class=""sl resultLink more_links_button"" aria-expanded=""false"">más...</button>",2023-06-14,Remoto,2023-06-14 00:57:48.243105
Senior Accounting Consultant,https://mx.indeed.com/rc/clk?jk=037034deaa8a504b&fccid=532afac41b2663f7&vjs=3,"<div class=""job-snippet""><ul style=""list-style-type:circle;margin-top: 0px;margin-bottom: 0px;padding-left:20px;""> 
 <li style=""margin-bottom:0px;"">Official Mexican holidays, plus 5 extra holidays (Maundry Thursday and Friday, November 2nd, December 24th &amp; 31st).</li>
 <li>12 vacations days plus 4 floating days.</li>
</ul></div><span class=""date""><span class=""visually-hidden"">Posted</span>Recién publicado</span><span class=""result-link-bar-separator"">·</span><button type=""button"" class=""sl resultLink more_links_button"" aria-expanded=""false"">más...</button>",2023-06-14,Remoto,2023-06-14 00:57:48.284716
2023-J27558 - PHP Developer,https://mx.indeed.com/rc/clk?jk=f9b10682df6c1503&fccid=30e31be724491c15&vjs=3,"<div class=""job-snippet""><ul style=""list-style-type:circle;margin-top: 0px;margin-bottom: 0px;padding-left:20px;""> 
 <li style=""margin-bottom:0px;"">8+ years of hands-on working experience in PhP.</li>
 <li>Experience in building efficient, testable, and reusable PHP modules preferably in Symphony framework.</li>
</ul></div><span class=""date""><span class=""visually-hidden"">Posted</span>Recién publicado</span><span class=""result-link-bar-separator"">·</span><button type=""button"" class=""sl resultLink more_links_button"" aria-expanded=""false"">más...</button>",2023-06-14,Remoto,2023-06-14 00:57:48.336950
"Tech Director (Python, JavaScript, AWS/GCP, Remote)",https://mx.indeed.com/rc/clk?jk=5d18db8d98b2832f&fccid=1bcb0fe5a750ff21&vjs=3,"<div class=""job-snippet""><ul style=""list-style-type:circle;margin-top: 0px;margin-bottom: 0px;padding-left:20px;""> 
 <li style=""margin-bottom:0px;"">Contribute to the company’s strategy making an active part in the delivery of transformative products.</li>
 <li>Co-create and work with different team members across the…</li>
</ul></div><span class=""date""><span class=""visually-hidden"">Posted</span>Recién publicado</span><span class=""result-link-bar-separator"">·</span><button type=""button"" class=""sl resultLink more_links_button"" aria-expanded=""false"">más...</button>",2023-06-14,Remoto,2023-06-14 00:57:48.377116
"Senior Staff Salesforce Software Engineer (Visualforce, Vue.js, Webpack, GitHub)",https://mx.indeed.com/rc/clk?jk=3abb5414012bff58&fccid=1bcb0fe5a750ff21&vjs=3,"<div class=""job-snippet""><ul style=""list-style-type:circle;margin-top: 0px;margin-bottom: 0px;padding-left:20px;""> 
 <li style=""margin-bottom:0px;"">Responsible for system analysis, design, coding, testing, and debugging products.</li>
 <li>Establish an overall architecture vision for the domain and ensure specific…</li>
</ul></div><span class=""date""><span class=""visually-hidden"">Posted</span>Recién publicado</span><span class=""result-link-bar-separator"">·</span><button type=""button"" class=""sl resultLink more_links_button"" aria-expanded=""false"">más...</button>",2023-06-14,Remoto,2023-06-14 00:57:48.414095
Fullstack .Net/Angular Sr,https://mx.indeed.com/rc/clk?jk=9fc989c1de3112a3&fccid=e00b339d9dfcd758&vjs=3,"<div class=""job-snippet""><ul style=""list-style-type:circle;margin-top: 0px;margin-bottom: 0px;padding-left:20px;""> 
 <li style=""margin-bottom:0px;"">2+ years' front-end development (preferably using AngularJS/Angular 10, but not required).</li>
 <li>Document code and system processes and procedures in a clear manner.</li>
</ul></div><span class=""date""><span class=""visually-hidden"">Posted</span>Recién publicado</span><span class=""result-link-bar-separator"">·</span><button type=""button"" class=""sl resultLink more_links_button"" aria-expanded=""false"">más...</button>",2023-06-14,Remoto,2023-06-14 00:57:50.574062
Atención a clientes / Home Office,https://mx.indeed.com/pagead/clk?mo=r&ad=-6NYlbfkN0CM1kY7u6skgKeVQNUlBqMwrzAIWdfraJ9frO5mNPAZkn7P0PkcNVmO5Q7QQnNtNUopjqSjHeTy_woBzwmSz4tgeeZbF1H2ue5BlWDPUqEDmGq7p-Eojklp7navkGR7XxoKIq_5SyfTHfwsChkR_YdPKna8hGxZ2NrpuBACrMCiPBOLvmjcYw3KfFSVFXKCFshep9t8LsXLuSo3MrA2xEiHLUevgGJGG6J03g88h7-DzRkNbIlMi7nPvLjiURJ8d_uutRK4HFxIYq2xxdIsTS1ulFpUqIXV_aXl7KhIs9hJhZFh4m1RRgHJ91BOJXlc93Zq5XiP_1zPFwAupa8_vBu4jPOnNMrMW6pnIqTFoOotfd-Ft2wuxDE3aRMnivWhIzV9Ep-htoIY46Qp5YrwvwVNT5zwVBPpiXCLC92L--ODe_O1pENzk3Gu78BspKcKZkIGgWpaCifKKrsTmyMZGiCXUrDZ-ICeazl36zOqJLJVWDjItt7iWZ0varARfg6QIeDiCarGXr2j-V43xEfmSP-z13Q-DWl5FWvIJzhgrpjKhnEZ783Bczok&xkcb=SoA9-_M3OceeMcUBxR0KbzkdCdPP&p=1&fvj=1&vjs=3,"<div class=""job-snippet""><ul style=""list-style-type:circle;margin-top: 0px;margin-bottom: 0px;padding-left:20px;""> 
 <li style=""margin-bottom:0px;"">Nosotros te capacitamos y proporcionamos el equipo de cómputo, experiencia NO necesaria.*.</li>
 <li style=""margin-bottom:0px;"">Medio tiempo y tiempo completo.</li>
 <li>Contratación directa con la empresa.</li>
</ul></div><span class=""date""><span class=""visually-hidden"">Posted</span>Hoy</span>",2023-06-14,Remoto,2023-06-14 00:57:50.625847
Auxiliar Contable,https://mx.indeed.com/company/Consultor%C3%ADa-&-Log%C3%ADstica-Empresarial/jobs/Auxiliar-contable-6be4815509f2a6f9?fccid=c8014a24465f2cc8&vjs=3,"<div class=""job-snippet""><ul style=""list-style-type:circle;margin-top: 0px;margin-bottom: 0px;padding-left:20px;""> 
 <li style=""margin-bottom:0px;"">VIVA EN CIUDAD DE MEXICO O ZONA METROPOLITANA.</li>
 <li style=""margin-bottom:0px;"">Conocimientos de Office (Word, Excel, Access, PowerPoint).</li>
 <li>Contabilidad Personas Físicas y Morales.</li>
</ul></div><span class=""date""><span class=""visually-hidden"">Posted</span>Hoy</span><span class=""result-link-bar-separator"">·</span><button type=""button"" class=""sl resultLink more_links_button"" aria-expanded=""false"">más...</button>",2023-06-14,Remoto,2023-06-14 00:57:50.698651
Coordinador de Gestión de Requerimientos,https://mx.indeed.com/rc/clk?cmp=SUPREMACY-ASESORES-FINANCIEROS&ti=Coordinador%2Fa+de+empleos&jk=4c37fd807d0181a3&fccid=0497f737f008dfcf&vjs=3,"<div class=""job-snippet""><ul style=""list-style-type:circle;margin-top: 0px;margin-bottom: 0px;padding-left:20px;""> 
 <li style=""margin-bottom:0px;"">Certificación vigente: ID 3 SCRUM Master Certification (SMC).</li>
 <li>Gestión y seguimiento de los requerimientos asignados a través del subproceso institucional.</li>
</ul></div><span class=""date""><span class=""visually-hidden"">Posted</span>Hoy</span><span class=""result-link-bar-separator"">·</span><button type=""button"" class=""sl resultLink more_links_button"" aria-expanded=""false"">más...</button>",2023-06-14,Remoto,2023-06-14 00:57:50.739127
Coordinador de Niveles de Servicio,https://mx.indeed.com/company/SUPREMACY-ASESORES-FINANCIEROS/jobs/Coordinador-de-servicios-2e6a960ecf1919d3?fccid=0497f737f008dfcf&vjs=3,"<div class=""job-snippet""><ul style=""list-style-type:circle;margin-top: 0px;margin-bottom: 0px;padding-left:20px;""> 
 <li style=""margin-bottom:0px;"">Certificación vigente: ID 3 SCRUM Master Certification (SMC).</li>
 <li>Gestión y seguimiento de los niveles de servicio.</li>
</ul></div><span class=""date""><span class=""visually-hidden"">Posted</span>Hoy</span><span class=""result-link-bar-separator"">·</span><button type=""button"" class=""sl resultLink more_links_button"" aria-expanded=""false"">más...</button>",2023-06-14,Remoto,2023-06-14 00:57:50.779563
Gestor de Niveles de Servicio,https://mx.indeed.com/company/SUPREMACY-ASESORES-FINANCIEROS/jobs/Promotor-de-servicios-b35b4fad7f1a772b?fccid=0497f737f008dfcf&vjs=3,"<div class=""job-snippet""><ul style=""list-style-type:circle;margin-top: 0px;margin-bottom: 0px;padding-left:20px;""> 
 <li style=""margin-bottom:0px;"">Atención y seguimiento de las métricas de niveles de servicio.</li>
 <li style=""margin-bottom:0px;"">Generación de reportes de niveles de servicio.</li>
 <li>Licenciatura o Ingeniería en Sistemas, Informática…</li>
</ul></div><span class=""date""><span class=""visually-hidden"">Posted</span>Hoy</span><span class=""result-link-bar-separator"">·</span><button type=""button"" class=""sl resultLink more_links_button"" aria-expanded=""false"">más...</button>",2023-06-14,Remoto,2023-06-14 00:57:50.824007
Analista Sr,https://mx.indeed.com/company/Grupo-Shogua/jobs/Analista-contable-senior-71d21ecaa6158481?fccid=b619373f0c6bd4d4&vjs=3,"<div class=""job-snippet""><ul style=""list-style-type:circle;margin-top: 0px;margin-bottom: 0px;padding-left:20px;""> 
 <li style=""margin-bottom:0px;"">Si estas interesado (a), favor de postularte por este medio o mandar tu cv al whatsapp 5552137981..... gracias.</li>
 <li>Presentarse con cliente una vez al mes.</li>
</ul></div><span class=""date""><span class=""visually-hidden"">Posted</span>Hoy</span><span class=""result-link-bar-separator"">·</span><button type=""button"" class=""sl resultLink more_links_button"" aria-expanded=""false"">más...</button>",2023-06-14,Remoto,2023-06-14 00:57:50.864601
Billing Clerk,https://mx.indeed.com/rc/clk?jk=f7e5c6d07b747bc3&fccid=c2d0b4f780609627&vjs=3,"<div class=""job-snippet""><ul style=""list-style-type:circle;margin-top: 0px;margin-bottom: 0px;padding-left:20px;""> 
 <li style=""margin-bottom:0px;"">2-3 years experience in customer service (Required).</li>
 <li>Lincoln-Goldfinch Law seeks an experienced fully bilingual (English-Spanish) Billing Clerk to join our team…</li>
</ul></div><span class=""date""><span class=""visually-hidden"">Posted</span>Hoy</span><span class=""result-link-bar-separator"">·</span><button type=""button"" class=""sl resultLink more_links_button"" aria-expanded=""false"">más...</button>",2023-06-14,Remoto,2023-06-14 00:57:50.916601
Agente de Centro de Servicio al Cliente,https://mx.indeed.com/company/Novatium/jobs/Servicio-al-cliente-2807643536307110?fccid=9af9541a4ddb1176&vjs=3,"<div class=""job-snippet""><ul style=""list-style-type:circle;margin-top: 0px;margin-bottom: 0px;padding-left:20px;""> 
 <li style=""margin-bottom:0px;"">Conocimientos en el uso de PC, Office y experiencia en CRM.</li>
 <li>*Mantener una conversación fluida en Inglés, Frances y Español, de lo contrario no postularse para…</li>
</ul></div><span class=""date""><span class=""visually-hidden"">Posted</span>Hoy</span><span class=""result-link-bar-separator"">·</span><button type=""button"" class=""sl resultLink more_links_button"" aria-expanded=""false"">más...</button>",2023-06-14,Remoto,2023-06-14 00:57:50.962205
Graphic Illustrator,https://mx.indeed.com/company/Mogul-Games/jobs/Illustrator-4406c1cfa404a485?fccid=55fcead8a166fc83&vjs=3,"<div class=""job-snippet""><ul style=""list-style-type:circle;margin-top: 0px;margin-bottom: 0px;padding-left:20px;""> 
 <li>Coin Splash is a casual mobile slot machine game where players spin the slot machine and build up their base to advance to the next level.</li>
</ul></div><span class=""date""><span class=""visually-hidden"">Posted</span>Hoy</span><span class=""result-link-bar-separator"">·</span><button type=""button"" class=""sl resultLink more_links_button"" aria-expanded=""false"">más...</button>",2023-06-14,Remoto,2023-06-14 00:57:51.001842
Consultor SAP ABAP Trainee,https://mx.indeed.com/company/Ghimprove-LATAM/jobs/Consultor-SAP-ABAP-9c27ca1edea07eef?fccid=d687d197e517bc62&vjs=3,"<div class=""job-snippet""><ul style=""list-style-type:circle;margin-top: 0px;margin-bottom: 0px;padding-left:20px;""> 
 <li style=""margin-bottom:0px;"">Nivel de inglés intermedio/B1 (excluyente).</li>
 <li>Desarrollo de programas, reportes, nuevas funcionalidades y flujos de negocios, preferiblemente, utilizando…</li>
</ul></div><span class=""date""><span class=""visually-hidden"">Posted</span>Hoy</span><span class=""result-link-bar-separator"">·</span><button type=""button"" class=""sl resultLink more_links_button"" aria-expanded=""false"">más...</button>",2023-06-14,Remoto,2023-06-14 00:57:51.051681
Ejecutivo de Ventas / Ejecutivo Comercial,https://mx.indeed.com/company/Grupo-Araas/jobs/Ejecutivo-comercial-bcbc13a70fb98541?fccid=4c0cae80949248b8&vjs=3,"<div class=""job-snippet""><ul style=""list-style-type:circle;margin-top: 0px;margin-bottom: 0px;padding-left:20px;""> 
 <li style=""margin-bottom:0px;"">Lic. / Ing. en administración, sistemas, o afines.</li>
 <li style=""margin-bottom:0px;"">Experiencia de 1-2 años en ventas, atenciòn a clientes.</li>
 <li>Gusto por las ventas y tecnología.</li>
</ul></div><span class=""date""><span class=""visually-hidden"">Posted</span>Hoy</span><span class=""result-link-bar-separator"">·</span><button type=""button"" class=""sl resultLink more_links_button"" aria-expanded=""false"">más...</button>",2023-06-14,Remoto,2023-06-14 00:57:51.093004
Desarrollador Java,https://mx.indeed.com/company/SatoriTech/jobs/Desarrollador-java-bb886e9445bae44a?fccid=3c809e599e1a26e2&vjs=3,"<div class=""job-snippet""><ul style=""list-style-type:circle;margin-top: 0px;margin-bottom: 0px;padding-left:20px;""> 
 <li style=""margin-bottom:0px;"">Estamos buscando un talentoso Java Backend Developer para unirse a nuestro equipo de desarrollo en Saori Tech.</li>
 <li>Experiencia en el desarrollo de microservicios.</li>
</ul></div><span class=""date""><span class=""visually-hidden"">Posted</span>Hoy</span><span class=""result-link-bar-separator"">·</span><button type=""button"" class=""sl resultLink more_links_button"" aria-expanded=""false"">más...</button>",2023-06-14,Remoto,2023-06-14 00:57:51.140337
BECARIO COMERCIAL,https://mx.indeed.com/company/Yaxch%C3%A9-Dev/jobs/Comercial-82af490c0c67eeef?fccid=4b174b183bc46257&vjs=3,"<div class=""job-snippet""><ul style=""list-style-type:circle;margin-top: 0px;margin-bottom: 0px;padding-left:20px;""> 
 <li style=""margin-bottom:0px;"">Si estas buscando tu primer empleo esta es tu oportunidad.</li>
 <li style=""margin-bottom:0px;"">Trabajo en modalidad híbrida (80% home office | 20% presencial).</li>
 <li>Seguro de gastos médicos mayores.</li>
</ul></div><span class=""date""><span class=""visually-hidden"">Posted</span>Hoy</span><span class=""result-link-bar-separator"">·</span><button type=""button"" class=""sl resultLink more_links_button"" aria-expanded=""false"">más...</button>",2023-06-14,Remoto,2023-06-14 00:57:51.189089
Project Manager,https://mx.indeed.com/company/Liebo-Builders/jobs/Gestor-de-proyectos-0852339ad21da7ba?fccid=a648de7a9cd45206&vjs=3,"<div class=""job-snippet""><ul style=""list-style-type:circle;margin-top: 0px;margin-bottom: 0px;padding-left:20px;""> 
 <li style=""margin-bottom:0px;"">Este trabajo se realiza en Home Office para nuestra oficina en Tarzana.</li>
 <li>Habilidad demostrada para rastrear los gastos del proyecto y tomar decisiones informadas…</li>
</ul></div><span class=""date""><span class=""visually-hidden"">Posted</span>Hoy</span><span class=""result-link-bar-separator"">·</span><button type=""button"" class=""sl resultLink more_links_button"" aria-expanded=""false"">más...</button>",2023-06-14,Remoto,2023-06-14 00:57:51.234922
Becario de Mercadotecnia,https://mx.indeed.com/company/Yaxch%C3%A9-Dev/jobs/Becario-de-mercadotecnia-e52a058182277ebe?fccid=4b174b183bc46257&vjs=3,"<div class=""job-snippet""><ul style=""list-style-type:circle;margin-top: 0px;margin-bottom: 0px;padding-left:20px;""> 
 <li style=""margin-bottom:0px;"">&gt; Recopilar información sobre tendencias, consumidores y competidores.</li>
 <li>Trabajo en modalidad híbrida (80% home office | 20% presencial).</li>
</ul></div><span class=""date""><span class=""visually-hidden"">Posted</span>Hoy</span><span class=""result-link-bar-separator"">·</span><button type=""button"" class=""sl resultLink more_links_button"" aria-expanded=""false"">más...</button>",2023-06-14,Remoto,2023-06-14 00:57:53.771580
Desarrollador Web Jr,https://mx.indeed.com/company/FR-Solutions-Technologies/jobs/Desarrollador-jr.-5f1e37de26a425a9?fccid=c2bcee0384f93c67&vjs=3,"<div class=""job-snippet""><ul style=""list-style-type:circle;margin-top: 0px;margin-bottom: 0px;padding-left:20px;""> 
 <li style=""margin-bottom:0px;"">Java 8 o superior nivel básico a intermedio.</li>
 <li style=""margin-bottom:0px;"">Conocimiento en herramientas Scrum, git.</li>
 <li>Trabajo en esquema 100% Home Office (deseable residentes de CDMX y área…</li>
</ul></div><span class=""date""><span class=""visually-hidden"">Posted</span>Hoy</span><span class=""result-link-bar-separator"">·</span><button type=""button"" class=""sl resultLink more_links_button"" aria-expanded=""false"">más...</button>",2023-06-14,Remoto,2023-06-14 00:57:53.817239
Vendedor,https://mx.indeed.com/company/Grupo-Mexicano-Nansur/jobs/Vendedor-c56adee1e75e44f4?fccid=d92ad0f3ca0878f6&vjs=3,"<div class=""job-snippet""><ul style=""list-style-type:circle;margin-top: 0px;margin-bottom: 0px;padding-left:20px;""> 
 <li style=""margin-bottom:0px;"">Revisar que se cumplan las estrategias comerciales.</li>
 <li>Supervisar y gestionar problemas entre los miembros del personal.</li>
</ul></div><span class=""date""><span class=""visually-hidden"">Posted</span>Hoy</span><span class=""result-link-bar-separator"">·</span><button type=""button"" class=""sl resultLink more_links_button"" aria-expanded=""false"">más...</button>",2023-06-14,Remoto,2023-06-14 00:57:53.892758
Mulesoft Developer,https://mx.indeed.com/company/Technology-Adoption/jobs/Mulesoft-developer-a66a234a10355895?fccid=e6803f5b7c5050d2&vjs=3,"<div class=""job-snippet""><ul style=""list-style-type:circle;margin-top: 0px;margin-bottom: 0px;padding-left:20px;""> 
 <li>Indispensable conocimiento de APIs y microservicios basados en Mulesoft Software, JAVA Spring Developer, Devops Pipelines, API Connect.*.</li>
</ul></div><span class=""date""><span class=""visually-hidden"">Posted</span>Hoy</span><span class=""result-link-bar-separator"">·</span><button type=""button"" class=""sl resultLink more_links_button"" aria-expanded=""false"">más...</button>",2023-06-14,Remoto,2023-06-14 00:57:53.949882
Asesor de ventas Industriales,https://mx.indeed.com/company/SEERH/jobs/Vendedor-industrial-05a3fc29cb6c79f0?fccid=632809d3ab89e9f4&vjs=3,"<div class=""job-snippet""><ul style=""list-style-type:circle;margin-top: 0px;margin-bottom: 0px;padding-left:20px;""> 
 <li style=""margin-bottom:0px;"">Experiencia en prospección de clientes, apertura de cartera, enviar cotizaciones.</li>
 <li>Horario de lunes a viernes de 9:00am - 6:00pm (y si es necesario, los sábados)…</li>
</ul></div><span class=""date""><span class=""visually-hidden"">Posted</span>Hoy</span><span class=""result-link-bar-separator"">·</span><button type=""button"" class=""sl resultLink more_links_button"" aria-expanded=""false"">más...</button>",2023-06-14,Remoto,2023-06-14 00:57:54.006248
"Support Tech nivel 2 y 3 (conocimientos en Java, Websphere o .NET)",https://mx.indeed.com/company/Empleos-S/jobs/Java-developer-db2493a185c94111?fccid=6103d4877d0f8408&vjs=3,"<div class=""job-snippet""><ul style=""list-style-type:circle;margin-top: 0px;margin-bottom: 0px;padding-left:20px;""> 
 <li style=""margin-bottom:0px;"">L-II resource (4 – 6 years) and L-III resource (7 – 10 years).</li>
 <li>These are support/analyst level type resourcing for day-day support.</li>
</ul></div><span class=""date""><span class=""visually-hidden"">Posted</span>Hoy</span><span class=""result-link-bar-separator"">·</span><button type=""button"" class=""sl resultLink more_links_button"" aria-expanded=""false"">más...</button>",2023-06-14,Remoto,2023-06-14 00:57:54.052042
Technical Project Manager,https://mx.indeed.com/rc/clk?jk=a30035335567fe0f&fccid=4fd082a45bed2681&vjs=3,"<div class=""job-snippet""><ul style=""list-style-type:circle;margin-top: 0px;margin-bottom: 0px;padding-left:20px;""> 
 <li>Contact Center Program Manager is a designated client resource responsible for providing technical project planning, management and oversight for client key…</li>
</ul></div><span class=""date""><span class=""visually-hidden"">Posted</span>Hoy</span><span class=""result-link-bar-separator"">·</span><button type=""button"" class=""sl resultLink more_links_button"" aria-expanded=""false"">más...</button>",2023-06-14,Remoto,2023-06-14 00:57:54.099892
Test Automation Engineer (Junior) - Santander,https://mx.indeed.com/company/ITKAWA/jobs/Test-engineer-7904f9c02da9cabf?fccid=290d9295bb6c78a8&vjs=3,"<div class=""job-snippet""><ul style=""list-style-type:circle;margin-top: 0px;margin-bottom: 0px;padding-left:20px;""> 
 <li style=""margin-bottom:0px;"">1-3 años de experiencia en Automatización de Pruebas de Software (Web/Móvil).</li>
 <li>HTML/CSS/JavaScript: 3 años (Deseable).</li>
</ul></div><span class=""date""><span class=""visually-hidden"">Posted</span>Hoy</span><span class=""result-link-bar-separator"">·</span><button type=""button"" class=""sl resultLink more_links_button"" aria-expanded=""false"">más...</button>",2023-06-14,Remoto,2023-06-14 00:57:54.155446
Director de Impuestos,"https://mx.indeed.com/company/Taltere,-SA-de-CV/jobs/Director-de-impuestos-f2c49f906e59c9af?fccid=73ccb00d0b2ce42d&vjs=3","<div class=""job-snippet""><ul style=""list-style-type:circle;margin-top: 0px;margin-bottom: 0px;padding-left:20px;""> 
 <li style=""margin-bottom:0px;"">5 años de experiencia como gerente de impuestos (indispensable).</li>
 <li>Disponibilidad para viajar una semana en promedio al mes.</li>
</ul></div><span class=""date""><span class=""visually-hidden"">Posted</span>Hoy</span><span class=""result-link-bar-separator"">·</span><button type=""button"" class=""sl resultLink more_links_button"" aria-expanded=""false"">más...</button>",2023-06-14,Remoto,2023-06-14 00:57:54.195024
Bilingual System Analyst,https://mx.indeed.com/company/JLL/jobs/Systems-analyst-0e16934126e2e239?fccid=9917de3c28f569f6&vjs=3,"<div class=""job-snippet""><ul style=""list-style-type:circle;margin-top: 0px;margin-bottom: 0px;padding-left:20px;""> 
 <li style=""margin-bottom:0px;"">Online platform with certified courses for professional development.</li>
 <li>The designated Systems Administrator is responsible for overall integrity of the CMMS…</li>
</ul></div><span class=""date""><span class=""visually-hidden"">Posted</span>Hoy</span><span class=""result-link-bar-separator"">·</span><button type=""button"" class=""sl resultLink more_links_button"" aria-expanded=""false"">más...</button>",2023-06-14,Remoto,2023-06-14 00:57:54.239650
Coach en DevOps con Jenkins &amp; Groovy Sr,https://mx.indeed.com/company/Corus-Consulting/jobs/Devops-9f7af54d474da6ef?fccid=75f9ae05805016e2&vjs=3,"<div class=""job-snippet""><ul style=""list-style-type:circle;margin-top: 0px;margin-bottom: 0px;padding-left:20px;""> 
 <li style=""margin-bottom:0px;"">Coach DevOps con Jenkins &amp; Groovy SR.</li>
 <li style=""margin-bottom:0px;"">Experiencia en experiencia como instructor.</li>
 <li style=""margin-bottom:0px;"">Experiencia en DevOps con Jenkins.</li>
 <li>Prestaciones de Ley y superiores.</li>
</ul></div><span class=""date""><span class=""visually-hidden"">Posted</span>Hoy</span><span class=""result-link-bar-separator"">·</span><button type=""button"" class=""sl resultLink more_links_button"" aria-expanded=""false"">más...</button>",2023-06-14,Remoto,2023-06-14 00:57:54.281746
Consultor SAP SD,https://mx.indeed.com/company/MMOSHEADHUNTING/jobs/Consultor-SAP-sd-f72c6a711421c468?fccid=3aaf6bac8943ca35&vjs=3,"<div class=""job-snippet""><ul style=""list-style-type:circle;margin-top: 0px;margin-bottom: 0px;padding-left:20px;""> 
 <li>Si el candidato esta en MTY es Hibrido, si es de cualquier parte de Mexico es 100% home office, en ambos casos se pide disponibilidad de viaje un 20-30% del…</li>
</ul></div><span class=""date""><span class=""visually-hidden"">Posted</span>Hoy</span><span class=""result-link-bar-separator"">·</span><button type=""button"" class=""sl resultLink more_links_button"" aria-expanded=""false"">más...</button>",2023-06-14,Remoto,2023-06-14 00:57:54.317396
Test Automation Engineer - Santander,https://mx.indeed.com/company/ITKAWA/jobs/Test-engineer-d969311d08122983?fccid=290d9295bb6c78a8&vjs=3,"<div class=""job-snippet""><ul style=""list-style-type:circle;margin-top: 0px;margin-bottom: 0px;padding-left:20px;""> 
 <li style=""margin-bottom:0px;"">5-7 años de experiencia en automatización de pruebas de software (web/móvil).</li>
 <li>Automatización web usando JMeter/Selenium/Cypress/Postman: 5 años (Deseable).</li>
</ul></div><span class=""date""><span class=""visually-hidden"">Posted</span>Hoy</span><span class=""result-link-bar-separator"">·</span><button type=""button"" class=""sl resultLink more_links_button"" aria-expanded=""false"">más...</button>",2023-06-14,Remoto,2023-06-14 00:57:54.367099
Asociado de Nuevos Negocios,https://mx.indeed.com/company/Yaxch%C3%A9-Dev/jobs/Especialista-de-nuevos-negocios-ea85c0d368c16da1?fccid=4b174b183bc46257&vjs=3,"<div class=""job-snippet""><ul style=""list-style-type:circle;margin-top: 0px;margin-bottom: 0px;padding-left:20px;""> 
 <li style=""margin-bottom:0px;"">Experto en ventas de Servicios de TI (indispensable más de 3 años).</li>
 <li>Actualizar Cartera de clientes y dar seguimiento.*.</li>
</ul></div><span class=""date""><span class=""visually-hidden"">Posted</span>Hoy</span><span class=""result-link-bar-separator"">·</span><button type=""button"" class=""sl resultLink more_links_button"" aria-expanded=""false"">más...</button>",2023-06-14,Remoto,2023-06-14 00:57:54.412701
DevOps Engineer,https://mx.indeed.com/company/Somos-Reclutadores-Mexico/jobs/Development-operations-engineer-5499422e861f3981?fccid=dd616958bd9ddc12&vjs=3,"<div class=""job-snippet""><ul style=""list-style-type:circle;margin-top: 0px;margin-bottom: 0px;padding-left:20px;""> 
 <li style=""margin-bottom:0px;"">Automate application build and deploy pipelines.</li>
 <li>Coordinate with and communicate to Enterprise DevOps for issue that are related to the CICD pipeline and not…</li>
</ul></div><span class=""date""><span class=""visually-hidden"">Posted</span>Hoy</span><span class=""result-link-bar-separator"">·</span><button type=""button"" class=""sl resultLink more_links_button"" aria-expanded=""false"">más...</button>",2023-06-14,Remoto,2023-06-14 00:57:54.453058
AYUDANTE DE OPERACIÓN,https://mx.indeed.com/company/Empresa-Textol/jobs/Ayudante-de-operaci%C3%B3n-2ec4b01f09cb6a5e?fccid=c28674aced33a985&vjs=3,"<div class=""job-snippet""><ul style=""list-style-type:circle;margin-top: 0px;margin-bottom: 0px;padding-left:20px;""> 
 <li>Vacaciones adicionales o permisos con goce de sueldo.</li>
</ul></div><span class=""date""><span class=""visually-hidden"">Posted</span>Hoy</span><span class=""result-link-bar-separator"">·</span><button type=""button"" class=""sl resultLink more_links_button"" aria-expanded=""false"">más...</button>",2023-06-14,Remoto,2023-06-14 00:57:56.921528
Consultor SAP PI,https://mx.indeed.com/company/Grupo-Araas/jobs/Consultor-SAP-pi-267a93ffdd04673f?fccid=4c0cae80949248b8&vjs=3,"<div class=""job-snippet""><ul style=""list-style-type:circle;margin-top: 0px;margin-bottom: 0px;padding-left:20px;""> 
 <li style=""margin-bottom:0px;"">Ingles avanzado - importante contar con nivel avanzado..</li>
 <li>Experiência en Implementaciones SAP - PI , generación de Webservices, HCI, PI - Integración con…</li>
</ul></div><span class=""date""><span class=""visually-hidden"">Posted</span>Hoy</span><span class=""result-link-bar-separator"">·</span><button type=""button"" class=""sl resultLink more_links_button"" aria-expanded=""false"">más...</button>",2023-06-14,Remoto,2023-06-14 00:57:57.124977
Sharepoint Consultant,https://mx.indeed.com/company/Azka-IT-Consulting-SA-de-CV/jobs/Sharepoint-consultant-95a0279bea93e05c?fccid=42101bfbb369f7b6&vjs=3,"<div class=""job-snippet""><ul style=""list-style-type:circle;margin-top: 0px;margin-bottom: 0px;padding-left:20px;""> 
 <li style=""margin-bottom:0px;"">Disponibilidad de acudir a oficinas si el proyecto lo requiere.</li>
 <li>Trabaje con SSSL Lines of Development Leads y IT Workstream para diseñar e implementar una…</li>
</ul></div><span class=""date""><span class=""visually-hidden"">Posted</span>Hoy</span><span class=""result-link-bar-separator"">·</span><button type=""button"" class=""sl resultLink more_links_button"" aria-expanded=""false"">más...</button>",2023-06-14,Remoto,2023-06-14 00:57:57.259377
Arquitecto Angular,https://mx.indeed.com/company/Technology-Adoption/jobs/Arquitecta-c9244433ebb86f6b?fccid=e6803f5b7c5050d2&vjs=3,"<div class=""job-snippet""><ul style=""list-style-type:circle;margin-top: 0px;margin-bottom: 0px;padding-left:20px;""> 
 <li>3 años en Desarrollo de aplicaciones web utilizando HTML (4/5), CSS (2/3), Javascript, tYPEsCRIPT, Agular (2/4), Node..js, Express JS, Jquery, AJAX, XML,…</li>
</ul></div><span class=""date""><span class=""visually-hidden"">Posted</span>Hoy</span><span class=""result-link-bar-separator"">·</span><button type=""button"" class=""sl resultLink more_links_button"" aria-expanded=""false"">más...</button>",2023-06-14,Remoto,2023-06-14 00:57:57.343363
Consultor SAP FI,https://mx.indeed.com/company/MMOSHEADHUNTING/jobs/Consultor-SAP-fi-5044f38caf65d01e?fccid=3aaf6bac8943ca35&vjs=3,"<div class=""job-snippet""><ul style=""list-style-type:circle;margin-top: 0px;margin-bottom: 0px;padding-left:20px;""> 
 <li>Si el candidato esta en MTY es Hibrido, si es de cualquier parte de Mexico es 100% home office, en ambos casos se pide disponibilidad de viaje un 20-30% del…</li>
</ul></div><span class=""date""><span class=""visually-hidden"">Posted</span>Hoy</span><span class=""result-link-bar-separator"">·</span><button type=""button"" class=""sl resultLink more_links_button"" aria-expanded=""false"">más...</button>",2023-06-14,Remoto,2023-06-14 00:57:57.413361
Salesforce Developer,https://mx.indeed.com/company/Somos-Reclutadores-Mexico/jobs/Salesforce-developer-ab923d9ce1a5c1f5?fccid=dd616958bd9ddc12&vjs=3,"<div class=""job-snippet""><ul style=""list-style-type:circle;margin-top: 0px;margin-bottom: 0px;padding-left:20px;""> 
 <li style=""margin-bottom:0px;"">Working knowledge in SDLC process, Agile Scrum Methodology, version control software.</li>
 <li>Collaborate with product managers and business partners to refine…</li>
</ul></div><span class=""date""><span class=""visually-hidden"">Posted</span>Hoy</span><span class=""result-link-bar-separator"">·</span><button type=""button"" class=""sl resultLink more_links_button"" aria-expanded=""false"">más...</button>",2023-06-14,Remoto,2023-06-14 00:57:57.472287
Implementation Consultant,https://mx.indeed.com/rc/clk?jk=1caed2a6bf8fd4ac&fccid=4fd082a45bed2681&vjs=3,"<div class=""job-snippet""><ul style=""list-style-type:circle;margin-top: 0px;margin-bottom: 0px;padding-left:20px;""> 
 <li>The CCaaS Implementation Consultant ensures Sprinklr customers receive the best onboarding experience and value by effectively deploying Sprinklr software based…</li>
</ul></div><span class=""date""><span class=""visually-hidden"">Posted</span>Hoy</span><span class=""result-link-bar-separator"">·</span><button type=""button"" class=""sl resultLink more_links_button"" aria-expanded=""false"">más...</button>",2023-06-14,Remoto,2023-06-14 00:57:57.520718
SDET Automation Tester REMOTE,https://mx.indeed.com/company/NTT-DATA/jobs/Automation-engineer-abd157e9c64fd8f6?fccid=91444a28cb181211&vjs=3,"<div class=""job-snippet""><ul style=""list-style-type:circle;margin-top: 0px;margin-bottom: 0px;padding-left:20px;""> 
 <li style=""margin-bottom:0px;"">*This position is not available for home office in Guadalajara, you would have to work ON-SITE*.</li>
 <li>Works closely with customers, business analysts, and team…</li>
</ul></div><span class=""date""><span class=""visually-hidden"">Posted</span>Hoy</span><span class=""result-link-bar-separator"">·</span><button type=""button"" class=""sl resultLink more_links_button"" aria-expanded=""false"">más...</button>",2023-06-14,Remoto,2023-06-14 00:57:57.560276
Sr Reg Affairs Specialist - Reg Liaison,https://mx.indeed.com/rc/clk?jk=6aa0e26a494a55d4&fccid=126e3afd205caa95&vjs=3,"<div class=""job-snippet""><ul style=""list-style-type:circle;margin-top: 0px;margin-bottom: 0px;padding-left:20px;""> 
 <li style=""margin-bottom:0px;"">In this role you will be a pivotal team member with ideally with regulatory experience.</li>
 <li>You will provide innovative solutions including global regulatory…</li>
</ul></div><span class=""date""><span class=""visually-hidden"">Posted</span>Hoy</span><span class=""result-link-bar-separator"">·</span><button type=""button"" class=""sl resultLink more_links_button"" aria-expanded=""false"">más...</button>",2023-06-14,Remoto,2023-06-14 00:57:57.598796
SAP FICO Consultant,https://mx.indeed.com/company/Ventas-de-Mostrador/jobs/Consultor-SAP-fico-ae31725f73288644?fccid=e31b0646f4f096db&vjs=3,"<div class=""job-snippet""><ul style=""list-style-type:circle;margin-top: 0px;margin-bottom: 0px;padding-left:20px;""> 
 <li style=""margin-bottom:0px;"">8:30 am to 1:30 pm.</li>
 <li style=""margin-bottom:0px;"">Exposure to SAP ECC to S/4HANA migration projects.</li>
 <li>Ability to work with onsite and remote project delivery models.</li>
</ul></div><span class=""date""><span class=""visually-hidden"">Posted</span>Hoy</span><span class=""result-link-bar-separator"">·</span><button type=""button"" class=""sl resultLink more_links_button"" aria-expanded=""false"">más...</button>",2023-06-14,Remoto,2023-06-14 00:57:57.641990
Desarrollador Fullstack .Net / Angular,https://mx.indeed.com/company/Experis/jobs/Desarrollador-.NET-d8ceb2e5596af0e0?fccid=ca2b244e2a15ca5c&vjs=3,"<div class=""job-snippet""><ul style=""list-style-type:circle;margin-top: 0px;margin-bottom: 0px;padding-left:20px;""> 
 <li style=""margin-bottom:0px;"">Experiencia en desarrollo front-end (preferiblemente usando AngularJS/Angular 10, pero no es obligatorio).</li>
 <li>NET Core, pero no es obligatorio).</li>
</ul></div><span class=""date""><span class=""visually-hidden"">Posted</span>Hoy</span><span class=""result-link-bar-separator"">·</span><button type=""button"" class=""sl resultLink more_links_button"" aria-expanded=""false"">más...</button>",2023-06-14,Remoto,2023-06-14 00:57:57.687636
SAP MM Consultant,https://mx.indeed.com/company/Ventas-de-Mostrador/jobs/Consultor-SAP-mm-a60c92fe91bb438f?fccid=e31b0646f4f096db&vjs=3,"<div class=""job-snippet""><ul style=""list-style-type:circle;margin-top: 0px;margin-bottom: 0px;padding-left:20px;""> 
 <li style=""margin-bottom:0px;"">8:30 am to 1:30 pm.</li>
 <li style=""margin-bottom:0px;"">Facilitate workshops to collect business requirements.</li>
 <li>Map client business requirements, processes and objectives. develops necessary…</li>
</ul></div><span class=""date""><span class=""visually-hidden"">Posted</span>Hoy</span><span class=""result-link-bar-separator"">·</span><button type=""button"" class=""sl resultLink more_links_button"" aria-expanded=""false"">más...</button>",2023-06-14,Remoto,2023-06-14 00:57:57.728978
Senior Full Stack Developer (Node/Vue) - JTS,https://mx.indeed.com/rc/clk?jk=32e77f91d2402bb9&fccid=b838251710713c3c&vjs=3,"<div class=""job-snippet""><ul style=""list-style-type:circle;margin-top: 0px;margin-bottom: 0px;padding-left:20px;""> 
 <li>With offices in the United States, Costa Rica, Colombia and Mexico, Gorilla Logic helps clients gain competitive advantages to achieve results faster.</li>
</ul></div><span class=""date""><span class=""visually-hidden"">Posted</span>Hoy</span><span class=""result-link-bar-separator"">·</span><button type=""button"" class=""sl resultLink more_links_button"" aria-expanded=""false"">más...</button>",2023-06-14,Remoto,2023-06-14 00:57:57.770490
Ejecutivo de Ventas Monterrey con experiencia en UPS/Plantas de Emergencia,https://mx.indeed.com/company/ASESORIA-LOGISTICA-PROYECTOS-Y-EQUIPO/jobs/Ejecutivo-de-ventas-monterrey-fb264503c755bb41?fccid=0d61d0831543fe8b&vjs=3,"<div class=""job-snippet""><ul style=""list-style-type:circle;margin-top: 0px;margin-bottom: 0px;padding-left:20px;""> 
 <li style=""margin-bottom:0px;"">Ingeniería (eléctrico, electromecánico, electrónico) Trunco o pasante*.</li>
 <li>Experiencia mínima de 1 años en puesto similar con resultados y logros comprobables.</li>
</ul></div><span class=""date""><span class=""visually-hidden"">Posted</span>Hoy</span><span class=""result-link-bar-separator"">·</span><button type=""button"" class=""sl resultLink more_links_button"" aria-expanded=""false"">más...</button>",2023-06-14,Remoto,2023-06-14 00:57:57.809297
Desarrollador Java Fullstack Remoto,https://mx.indeed.com/company/Experis/jobs/Desarrollador-java-ad5cdb823c488483?fccid=ca2b244e2a15ca5c&vjs=3,"<div class=""job-snippet""><ul style=""list-style-type:circle;margin-top: 0px;margin-bottom: 0px;padding-left:20px;""> 
 <li style=""margin-bottom:0px;"">Experiencia con cualquier plataforma Cloud (GCP/AWS/Azure).</li>
 <li style=""margin-bottom:0px;"">Conocimiento de SQL en postgres y BQ.</li>
 <li>Diseño de la arquitectura general de la aplicación web.</li>
</ul></div><span class=""date""><span class=""visually-hidden"">Posted</span>Hoy</span><span class=""result-link-bar-separator"">·</span><button type=""button"" class=""sl resultLink more_links_button"" aria-expanded=""false"">más...</button>",2023-06-14,Remoto,2023-06-14 00:57:57.847035
ServiceNow Consultant,https://mx.indeed.com/rc/clk?jk=3cd25105d80cfc7f&fccid=e00b339d9dfcd758&vjs=3,"<div class=""job-snippet""><ul style=""list-style-type:circle;margin-top: 0px;margin-bottom: 0px;padding-left:20px;""> 
 <li style=""margin-bottom:0px;"">2-year minimum experience development and deployment experience with the serviceNow platform BA/BS.</li>
 <li>Experience providing creative solutions to business problems…</li>
</ul></div><span class=""date""><span class=""visually-hidden"">Posted</span>Hoy</span><span class=""result-link-bar-separator"">·</span><button type=""button"" class=""sl resultLink more_links_button"" aria-expanded=""false"">más...</button>",2023-06-14,Remoto,2023-06-14 00:57:59.964568
Java Developer Backend,https://mx.indeed.com/company/Fast-Dolphin/jobs/Java-developer-20fdf53afbdba116?fccid=ba843138af580e3a&vjs=3,"<div class=""job-snippet""><ul style=""list-style-type:circle;margin-top: 0px;margin-bottom: 0px;padding-left:20px;""> 
 <li style=""margin-bottom:0px;"">4+ years of Java &amp; Spring/Springboot.</li>
 <li style=""margin-bottom:0px;"">Working knowledge of GIT/GitHub as source code management tools.</li>
 <li>Strong Knowledge of unit, integration, and E2E testing…</li>
</ul></div><span class=""date""><span class=""visually-hidden"">Posted</span>Hoy</span><span class=""result-link-bar-separator"">·</span><button type=""button"" class=""sl resultLink more_links_button"" aria-expanded=""false"">más...</button>",2023-06-14,Remoto,2023-06-14 00:58:00.031930
SAP Team Lead Senior Supervisor,https://mx.indeed.com/company/O&M-Halyard-M%C3%A9xico-S.-de-R.L-de-C.V/jobs/SAP-lead-b4f0179aea62ae5c?fccid=29ef52c183041c27&vjs=3,"<div class=""job-snippet""><ul style=""list-style-type:circle;margin-top: 0px;margin-bottom: 0px;padding-left:20px;""> 
 <li style=""margin-bottom:0px;"">Minimum 3 years’ experience in SAP support.</li>
 <li>Minimum 3 years’ experience working in a customer service orientated environment.</li>
</ul></div><span class=""date""><span class=""visually-hidden"">Posted</span>Hoy</span><span class=""result-link-bar-separator"">·</span><button type=""button"" class=""sl resultLink more_links_button"" aria-expanded=""false"">más...</button>",2023-06-14,Remoto,2023-06-14 00:58:00.128406
Technical Lead (JavaScript/Java) - OAO,https://mx.indeed.com/rc/clk?jk=90c6f571fc7896c5&fccid=b838251710713c3c&vjs=3,"<div class=""job-snippet""><ul style=""list-style-type:circle;margin-top: 0px;margin-bottom: 0px;padding-left:20px;""> 
 <li>With offices in the United States, Costa Rica, Colombia and Mexico, Gorilla Logic helps clients gain competitive advantages to achieve results faster.</li>
</ul></div><span class=""date""><span class=""visually-hidden"">Posted</span>Hoy</span><span class=""result-link-bar-separator"">·</span><button type=""button"" class=""sl resultLink more_links_button"" aria-expanded=""false"">más...</button>",2023-06-14,Remoto,2023-06-14 00:58:00.175119
Java Developer FullStack,https://mx.indeed.com/company/Fast-Dolphin/jobs/Full-stack-developer-1a01b3176ed98dd0?fccid=ba843138af580e3a&vjs=3,"<div class=""job-snippet""><ul style=""list-style-type:circle;margin-top: 0px;margin-bottom: 0px;padding-left:20px;""> 
 <li style=""margin-bottom:0px;"">4+ Years hands on experience.</li>
 <li style=""margin-bottom:0px;"">Expereince with any Cloud platform (GCP/AWS/Azure).</li>
 <li style=""margin-bottom:0px;"">Good knowledge on SQL on postgres and BQ.</li>
 <li>Good experience in CI-CD.</li>
</ul></div><span class=""date""><span class=""visually-hidden"">Posted</span>Hoy</span><span class=""result-link-bar-separator"">·</span><button type=""button"" class=""sl resultLink more_links_button"" aria-expanded=""false"">más...</button>",2023-06-14,Remoto,2023-06-14 00:58:00.219643
ENERGETIC AND OUTGOING CUSTOMER SERVICE REPRESENTATIVE,https://mx.indeed.com/pagead/clk?mo=r&ad=-6NYlbfkN0AbflageofzKm4ZiLY8-HZQm4dlBynqp3okEdwIMMTSzMTuT5j7TcJNPO6WntacI47pp3Lc7-8x-tjVY8u8P3z_a9-381eC1tJvBSwykBJFNRonrRi8glIWhjbuHWETAIitYrOm9hCOLE6wqMiEqRcTHsQP7AF6n2d235yEfkCNWrrVZgo4Mimxm0Fy01OsfjrJNWO-azx0W0ytqEXEMp_ew2Uzo9Wn1Of-_7LMZzwXqBuK8ha5pHPRM-CE8pQc-N7rgmNB3R4qNywBD2Lzzu1ZzDtEgkzL-o1ERAApu7g6z-sDPhAAJtyH4piG1xchDfv5tsx3TBvDgePf6-8EBDwvE2hI1uR631mjHUKl64jPNlGF5s-n0QZcF_vOTAx8nqYqwB5zmeMmSaWw7Fj8wQTT5dNYDXPmtjN0w38-DzCGoyqmgrC8pOogY1axNMCgxlAoMuWCPwERlGhA6NzxAb4yVJFrrhCZ-EgiP5LFGZDVLnWw4bTvKf-yw7yDoF13Ln4=&xkcb=SoC_-_M3OcecycxkAh0ObzkdCdPP&p=5&fvj=1&vjs=3,"<div class=""job-snippet""><ul style=""list-style-type:circle;margin-top: 0px;margin-bottom: 0px;padding-left:20px;""> 
 <li style=""margin-bottom:0px;"">9 am to 6 pm CST Monday to Friday.</li>
 <li style=""margin-bottom:0px;"">Resolve all tenant, or owner requests via, phone, email, chat, text, etc.</li>
 <li>Special projects related to customer service.</li>
</ul></div><span class=""date""><span class=""visually-hidden"">Posted</span>Hoy</span>",2023-06-14,Remoto,2023-06-14 00:58:00.265844
ASESOR DE SEGUROS,https://mx.indeed.com/company/SEYRA-PROMOTORES-SEGUROS-MONTERREY-NEW-YORK-LIFE/jobs/Agente-comercial-de-seguros-1233bbe3db630cc3?fccid=e99611c0277b5229&vjs=3,"<div class=""job-snippet""><ul style=""list-style-type:circle;margin-top: 0px;margin-bottom: 0px;padding-left:20px;""> 
 <li style=""margin-bottom:0px;"">Somos la mejor promotoría de Ciudad Juárez y de la región norte, 10 años de experiencia nos respaldan.</li>
 <li>Desarrollo profesional con Plan de Carrera.</li>
</ul></div><span class=""date""><span class=""visually-hidden"">Posted</span>Hoy</span><span class=""result-link-bar-separator"">·</span><button type=""button"" class=""sl resultLink more_links_button"" aria-expanded=""false"">más...</button>",2023-06-14,Remoto,2023-06-14 00:58:00.312987
Software Engineer (Junior) - Santander,https://mx.indeed.com/company/ITKAWA/jobs/Ingeniero-de-software-f126d35bf1e98e9a?fccid=290d9295bb6c78a8&vjs=3,"<div class=""job-snippet""><ul style=""list-style-type:circle;margin-top: 0px;margin-bottom: 0px;padding-left:20px;""> 
 <li style=""margin-bottom:0px;"">Educación:* Sistemas Computacionales, Informática, Mecatrónica, Electrónica y comunicaciones o afín.</li>
 <li>Diseña, modifica, desarrolla, escribe e implementa…</li>
</ul></div><span class=""date""><span class=""visually-hidden"">Posted</span>Hoy</span><span class=""result-link-bar-separator"">·</span><button type=""button"" class=""sl resultLink more_links_button"" aria-expanded=""false"">más...</button>",2023-06-14,Remoto,2023-06-14 00:58:00.365284
Asesor de Ventas,https://mx.indeed.com/pagead/clk?mo=r&ad=-6NYlbfkN0DZiQ-_sMN8EUulNXlk3GUOkdxfXOci1X5oHF6lMApydeFvDNTZNfV096K497mXSfuDcmNBhFEebzCNAqFGBg6MDhOWn-491a7bsMGxNkc8O7erlz8wxN3hyqCj2M4uDaViXVDcfr9eEgnxlrJrQR2Ov-tQ9Emu1FGJ_SOgU_FJxNne5NvbA54vnJBYWnHbV3ZUjEUre9WU0ADB1659JR0f0fiK4yn6oAlx2t7ICPaZgEU9Hu1QSxVyD3K6X8QeR_8Uptt2_cifxb_h08AmL3cu5INoac5xBOksoJOH8TP6JVo37FV1-KnD2DPe8YX6VoQvsypIzeoKo07YsXGXQ9YItHQm8K68CDt9SsTag-9tMiKIVEuuVgbpQ03fD85lRo7o8hamx2-BkxrXuZU93uqd3nzkckk0Us0DB9qjd-C9jMP_mRU9t6dofK8VqLSmQJpW0pz2o0snGAn6jJ5cb0AyH4vUGnUubU4Y9jQmtqkMrmbf-OLibtmDOCv1Ixip7CYn8bsYVtWI2Rj5IVFCkW3I&xkcb=SoB_-_M3OcecycxkAh0DbzkdCdPP&p=8&fvj=1&vjs=3,"<div class=""job-snippet""><ul style=""list-style-type:circle;margin-top: 0px;margin-bottom: 0px;padding-left:20px;""> 
 <li style=""margin-bottom:0px;"">En AVENU buscamos expandir la educación universitaria en línea para el alcance de todos en su lengua materna.</li>
 <li>Realizar una correcta prospección del usuario.</li>
</ul></div><span class=""date""><span class=""visually-hidden"">Posted</span>Hoy</span>",2023-06-14,Remoto,2023-06-14 00:58:00.420394
Service Manager,https://mx.indeed.com/company/Xideral/jobs/Gerente-de-servicio-571a90c40ad4e397?fccid=24fa6b063feb78b9&vjs=3,"<div class=""job-snippet""><ul style=""list-style-type:circle;margin-top: 0px;margin-bottom: 0px;padding-left:20px;""> 
 <li style=""margin-bottom:0px;"">Si cumples con el perfil postulate solo con tu CV actualizado.</li>
 <li style=""margin-bottom:0px;"">Mas de 4 años de experiencia en el puesto.</li>
 <li>Gestionar los SLAs y KPIs.</li>
</ul></div><span class=""date""><span class=""visually-hidden"">Posted</span>Hoy</span><span class=""result-link-bar-separator"">·</span><button type=""button"" class=""sl resultLink more_links_button"" aria-expanded=""false"">más...</button>",2023-06-14,Remoto,2023-06-14 00:58:00.461807
Marketing Manager,https://mx.indeed.com/company/Homevault-Academy/jobs/Marketing-manager-fc6bc32cb1946842?fccid=273f8c0135e2f2a0&vjs=3,"<div class=""job-snippet""><ul style=""list-style-type:circle;margin-top: 0px;margin-bottom: 0px;padding-left:20px;""> 
 <li>As the lead of the marketing department, you will oversee all communications, public relations, and promotional activities selected to support the brand and…</li>
</ul></div><span class=""date""><span class=""visually-hidden"">Posted</span>Hoy</span><span class=""result-link-bar-separator"">·</span><button type=""button"" class=""sl resultLink more_links_button"" aria-expanded=""false"">más...</button>",2023-06-14,Remoto,2023-06-14 00:58:00.527353
Reclutador Freelance,https://mx.indeed.com/company/Cudi/jobs/Reclutador-7d5bade8329970e4?fccid=edbf2f7e68b4c645&vjs=3,"<div class=""job-snippet"">Consultoria de reclutamiento solicita: Reclutador Freelance ¿Qué necesitas? * Experiencia de 6 meses mínimo reclutando perfiles de agentes de seguro 100%…</div><span class=""date""><span class=""visually-hidden"">Posted</span>Hoy</span><span class=""result-link-bar-separator"">·</span><button type=""button"" class=""sl resultLink more_links_button"" aria-expanded=""false"">más...</button>",2023-06-14,Remoto,2023-06-14 00:58:00.572365
Business Development Manager,https://mx.indeed.com/company/Xchange.club/jobs/Business-development-manager-e167381f354e2299?fccid=9088a2a2bec47633&vjs=3,"<div class=""job-snippet""><ul style=""list-style-type:circle;margin-top: 0px;margin-bottom: 0px;padding-left:20px;""> 
 <li>We are seeking driven individuals who excel at outbound prospecting activities to set sales appointments with small to medium-sized businesses.</li>
</ul></div><span class=""date""><span class=""visually-hidden"">Posted</span>Hoy</span><span class=""result-link-bar-separator"">·</span><button type=""button"" class=""sl resultLink more_links_button"" aria-expanded=""false"">más...</button>",2023-06-14,Remoto,2023-06-14 00:58:00.628722
Administrador de Instancias Middleware,https://mx.indeed.com/company/crackajack/jobs/Administrador-middleware-abed0a2ce0bd1577?fccid=89f435af36d284f8&vjs=3,"<div class=""job-snippet""><ul style=""list-style-type:circle;margin-top: 0px;margin-bottom: 0px;padding-left:20px;""> 
 <li style=""margin-bottom:0px;"">Si cubres con el perfil postulate solo con tu CV actualizado.</li>
 <li style=""margin-bottom:0px;"">Mas de 4 años de experiencia en el puesto.</li>
 <li>IBM System Administrator Websphere MQ v.6 o superior …</li>
</ul></div><span class=""date""><span class=""visually-hidden"">Posted</span>Hoy</span><span class=""result-link-bar-separator"">·</span><button type=""button"" class=""sl resultLink more_links_button"" aria-expanded=""false"">más...</button>",2023-06-14,Remoto,2023-06-14 00:58:00.667566
Product Manager,https://mx.indeed.com/company/BOND/jobs/Product-manager-a5b7e724a69a4574?fccid=43756764ed747869&vjs=3,"<div class=""job-snippet""><ul style=""list-style-type:circle;margin-top: 0px;margin-bottom: 0px;padding-left:20px;""> 
 <li style=""margin-bottom:0px;"">Estamos buscando a un Product Manager para una de nuestras empresas aliadas, Apprecio..</li>
 <li>Conocimiento en herramientas de visualización de Datos (PowerBI,…</li>
</ul></div><span class=""date""><span class=""visually-hidden"">Posted</span>Hoy</span><span class=""result-link-bar-separator"">·</span><button type=""button"" class=""sl resultLink more_links_button"" aria-expanded=""false"">más...</button>",2023-06-14,Remoto,2023-06-14 00:58:00.756685
Reclutador freelance ( Guadalajara),https://mx.indeed.com/company/Discovery-Personnel/jobs/Reclutador-fc460f00cc6ac145?fccid=5a37d54fcda6d647&vjs=3,"<div class=""job-snippet""><ul style=""list-style-type:circle;margin-top: 0px;margin-bottom: 0px;padding-left:20px;""> 
 <li style=""margin-bottom:0px;"">Por proyecto de temporada buscamos reclutadores expertos en Guadalajara.</li>
 <li>En Discovery Personnel estamos buscando RECLUTADORES FREELANCE.</li>
</ul></div><span class=""date""><span class=""visually-hidden"">Posted</span>Hoy</span><span class=""result-link-bar-separator"">·</span><button type=""button"" class=""sl resultLink more_links_button"" aria-expanded=""false"">más...</button>",2023-06-14,Remoto,2023-06-14 00:58:02.473759
Agile Coach,https://mx.indeed.com/company/Integraci%C3%B3n-Empresarial-Labourdette/jobs/Agile-coach-d082c64d1062d6c2?fccid=ad45ff64a8ffec08&vjs=3,"<div class=""job-snippet""><ul style=""list-style-type:circle;margin-top: 0px;margin-bottom: 0px;padding-left:20px;""> 
 <li style=""margin-bottom:0px;"">Marcos ágiles: 5 años (Obligatorio).</li>
 <li style=""margin-bottom:0px;"">Sesiones Discovery: 5 años (Obligatorio).</li>
 <li>Contratación eventual inicial de 3 meses y contrato de planta posterior, sujeto a…</li>
</ul></div><span class=""date""><span class=""visually-hidden"">Posted</span>Hoy</span><span class=""result-link-bar-separator"">·</span><button type=""button"" class=""sl resultLink more_links_button"" aria-expanded=""false"">más...</button>",2023-06-14,Remoto,2023-06-14 00:58:02.516697
"Ventas, servicio al cliente y Relaciones públicas",https://mx.indeed.com/company/International-Coaching-&-Consulting-Network/jobs/Servicio-al-cliente-cdd14d8b6a34f4a8?fccid=dd616958bd9ddc12&vjs=3,"<div class=""job-snippet""><ul style=""list-style-type:circle;margin-top: 0px;margin-bottom: 0px;padding-left:20px;""> 
 <li style=""margin-bottom:0px;"">Actualizaciones de datos e incorporación de afiliaciones en CRM.</li>
 <li>Ventas corporativas: 1 año (Obligatorio).</li>
</ul></div><span class=""date""><span class=""visually-hidden"">Posted</span>Hoy</span><span class=""result-link-bar-separator"">·</span><button type=""button"" class=""sl resultLink more_links_button"" aria-expanded=""false"">más...</button>",2023-06-14,Remoto,2023-06-14 00:58:02.555419
Customer Onboarding - Technical Account Manager (Remote),https://mx.indeed.com/rc/clk?jk=1fe2da3de8cac3f1&fccid=64e4cdd7435d8c42&vjs=3,"<div class=""job-snippet""><ul style=""list-style-type:circle;margin-top: 0px;margin-bottom: 0px;padding-left:20px;""> 
 <li style=""margin-bottom:0px;"">Work with customers and account teams to identify and deliver success criteria for the first 90 days.</li>
 <li>Identify opportunities for process improvement.</li>
</ul></div><span class=""date""><span class=""visually-hidden"">Posted</span>Hoy</span><span class=""result-link-bar-separator"">·</span><button type=""button"" class=""sl resultLink more_links_button"" aria-expanded=""false"">más...</button>",2023-06-14,Remoto,2023-06-14 00:58:02.601826
Software Engineer - Santander,https://mx.indeed.com/company/ITKAWA/jobs/Ingeniero-de-software-8a1e4f8ff1793f40?fccid=290d9295bb6c78a8&vjs=3,"<div class=""job-snippet""><ul style=""list-style-type:circle;margin-top: 0px;margin-bottom: 0px;padding-left:20px;""> 
 <li style=""margin-bottom:0px;"">DevOps tools: 5 años (Deseable).</li>
 <li style=""margin-bottom:0px;"">LMA (Logging, Monitoring, and Alerting): 5 años (Deseable).</li>
 <li>Proceso de entrevista:* 1 - 2 entrevistas para contratar.</li>
</ul></div><span class=""date""><span class=""visually-hidden"">Posted</span>Hoy</span><span class=""result-link-bar-separator"">·</span><button type=""button"" class=""sl resultLink more_links_button"" aria-expanded=""false"">más...</button>",2023-06-14,Remoto,2023-06-14 00:58:02.863942
Reclutador Freelance,https://mx.indeed.com/company/CAPITAL-HUMANO-JCM-SA-DE-CV/jobs/Reclutador-414557b2e0495e04?fccid=06688a7924c45e56&vjs=3,"<div class=""job-snippet""><ul style=""list-style-type:circle;margin-top: 0px;margin-bottom: 0px;padding-left:20px;""> 
 <li style=""margin-bottom:0px;"">Experiencia en reclutamiento de personal operativo y reclutamiento masivo.</li>
 <li>Te interesa y cubres los requisitos contáctanos y envía C.V. al 8135639021.</li>
</ul></div><span class=""date""><span class=""visually-hidden"">Posted</span>Hoy</span><span class=""result-link-bar-separator"">·</span><button type=""button"" class=""sl resultLink more_links_button"" aria-expanded=""false"">más...</button>",2023-06-14,Remoto,2023-06-14 00:58:02.928059
Business Analyst Senior,https://mx.indeed.com/company/Xideral/jobs/Business-analyst-e65a3f4d68b2eda4?fccid=24fa6b063feb78b9&vjs=3,"<div class=""job-snippet""><ul style=""list-style-type:circle;margin-top: 0px;margin-bottom: 0px;padding-left:20px;""> 
 <li style=""margin-bottom:0px;"">Si cubres con el perfil postulate solo con tu CV actualizado.</li>
 <li style=""margin-bottom:0px;"">Mas de 4 años de experiencia en el puesto..</li>
 <li>Sistemas de negocio y estándares de la industria se…</li>
</ul></div><span class=""date""><span class=""visually-hidden"">Posted</span>Hoy</span><span class=""result-link-bar-separator"">·</span><button type=""button"" class=""sl resultLink more_links_button"" aria-expanded=""false"">más...</button>",2023-06-14,Remoto,2023-06-14 00:58:03.059957
EJECUTIVO COMERCIAL,https://mx.indeed.com/company/OFE-INSURANCE-BROKER/jobs/Ejecutivo-comercial-45fbd877876f691b?fccid=2e55a228c7b3d8d5&vjs=3,"<div class=""job-snippet""><ul style=""list-style-type:circle;margin-top: 0px;margin-bottom: 0px;padding-left:20px;""> 
 <li style=""margin-bottom:0px;"">Prospectar y Asesorar a familias mexicanas.</li>
 <li style=""margin-bottom:0px;"">Crear e Implementar estrategias comerciales.</li>
 <li>Fomentar la lealtad del cliente y mantener relaciones a largo plazo.</li>
</ul></div><span class=""date""><span class=""visually-hidden"">Posted</span>Hoy</span><span class=""result-link-bar-separator"">·</span><button type=""button"" class=""sl resultLink more_links_button"" aria-expanded=""false"">más...</button>",2023-06-14,Remoto,2023-06-14 00:58:03.167231
Administrador de sistemas operativos Linux,https://mx.indeed.com/company/crackajack/jobs/Administrador-de-sistemas-linux-7f4706c7f37ae4e8?fccid=89f435af36d284f8&vjs=3,"<div class=""job-snippet""><ul style=""list-style-type:circle;margin-top: 0px;margin-bottom: 0px;padding-left:20px;""> 
 <li style=""margin-bottom:0px;"">Si cubres con el perfil postulate solo con tu CV actualizado.</li>
 <li style=""margin-bottom:0px;"">Mas de 4 años de experiencia en el puesto.</li>
 <li>Administrador de sistemas certificado por Red Hat Linux…</li>
</ul></div><span class=""date""><span class=""visually-hidden"">Posted</span>Hoy</span><span class=""result-link-bar-separator"">·</span><button type=""button"" class=""sl resultLink more_links_button"" aria-expanded=""false"">más...</button>",2023-06-14,Remoto,2023-06-14 00:58:03.212491
Analista de Negocios IT (Bilingue),https://mx.indeed.com/company/Corus-Consulting/jobs/Analista-de-negocios-biling%C3%BCe-549c6c9efd11a0a7?fccid=75f9ae05805016e2&vjs=3,"<div class=""job-snippet""><ul style=""list-style-type:circle;margin-top: 0px;margin-bottom: 0px;padding-left:20px;""> 
 <li style=""margin-bottom:0px;"">Experiencia en experiencia como analista de negocios.</li>
 <li style=""margin-bottom:0px;"">Prestaciones de Ley y superiores.</li>
 <li>Interesados, enviar CV al correo mencionado o postularse por este medio.</li>
</ul></div><span class=""date""><span class=""visually-hidden"">Posted</span>Hoy</span><span class=""result-link-bar-separator"">·</span><button type=""button"" class=""sl resultLink more_links_button"" aria-expanded=""false"">más...</button>",2023-06-14,Remoto,2023-06-14 00:58:03.259091
Sales Representative,https://mx.indeed.com/company/Alpha-Energy-Mexico/jobs/Sales-representative-0d03ea3da7c62565?fccid=2db6a421f652890e&vjs=3,"<div class=""job-snippet""><ul style=""list-style-type:circle;margin-top: 0px;margin-bottom: 0px;padding-left:20px;""> 
 <li style=""margin-bottom:0px;"">You will be building lasting relationships with homeowners through outbound calling, follow up, texts, and emails.</li>
 <li>Own Computer/Laptop, Headset, and Smartphone.</li>
</ul></div><span class=""date""><span class=""visually-hidden"">Posted</span>Hoy</span><span class=""result-link-bar-separator"">·</span><button type=""button"" class=""sl resultLink more_links_button"" aria-expanded=""false"">más...</button>",2023-06-14,Remoto,2023-06-14 00:58:03.299413
Tester SR,https://mx.indeed.com/company/ito-work/jobs/Tester-f732c46fd6793b7b?fccid=cf5571be89ce01ed&vjs=3,"<div class=""job-snippet""><ul style=""list-style-type:circle;margin-top: 0px;margin-bottom: 0px;padding-left:20px;""> 
 <li style=""margin-bottom:0px;"">Metodologías de análisis para generación de casos de prueba en un entorno ágil.</li>
 <li style=""margin-bottom:0px;"">Conocimiento en pruebas de estrés (deseable).</li>
 <li>Conocimientos en CI y CD.</li>
</ul></div><span class=""date""><span class=""visually-hidden"">Posted</span>Hoy</span><span class=""result-link-bar-separator"">·</span><button type=""button"" class=""sl resultLink more_links_button"" aria-expanded=""false"">más...</button>",2023-06-14,Remoto,2023-06-14 00:58:03.340411
Mid .NET Developer,"https://mx.indeed.com/company/Creative-Software-International,-Inc./jobs/Desarrollador-.NET-d6f047378986f960?fccid=8bdc239667f8e251&vjs=3","<div class=""job-snippet""><ul style=""list-style-type:circle;margin-top: 0px;margin-bottom: 0px;padding-left:20px;""> 
 <li style=""margin-bottom:0px;"">Entity Framework: 3 años (Obligatorio).</li>
 <li style=""margin-bottom:0px;"">De 4 a 6 años de experiencia en desarrollo de aplicaciones web utilizando .</li>
 <li>NET, C#, MVC, Razor, SQL Server y MySQL.</li>
</ul></div><span class=""date""><span class=""visually-hidden"">Posted</span>Hoy</span><span class=""result-link-bar-separator"">·</span><button type=""button"" class=""sl resultLink more_links_button"" aria-expanded=""false"">más...</button>",2023-06-14,Remoto,2023-06-14 00:58:03.378412
Mid UI/UX Designer - AA,https://mx.indeed.com/rc/clk?jk=068202cc08b5c854&fccid=b838251710713c3c&vjs=3,"<div class=""job-snippet""><ul style=""list-style-type:circle;margin-top: 0px;margin-bottom: 0px;padding-left:20px;""> 
 <li>With offices in the United States, Costa Rica, Colombia and Mexico, Gorilla Logic helps clients gain competitive advantages to achieve results faster.</li>
</ul></div><span class=""date""><span class=""visually-hidden"">Posted</span>Hoy</span><span class=""result-link-bar-separator"">·</span><button type=""button"" class=""sl resultLink more_links_button"" aria-expanded=""false"">más...</button>",2023-06-14,Remoto,2023-06-14 00:58:03.412770
Java Developer MVC,https://mx.indeed.com/company/Noralogic/jobs/Desarrollador-java-f6b716a08a90a54f?fccid=7e2ea6206411969e&vjs=3,"<div class=""job-snippet""><ul style=""list-style-type:circle;margin-top: 0px;margin-bottom: 0px;padding-left:20px;""> 
 <li style=""margin-bottom:0px;"">Experiencia como Java Developer de 4 a 6 años.</li>
 <li>Experiencia con Java, Microservices, Spring Boot, Web services.</li>
</ul></div><span class=""date""><span class=""visually-hidden"">Posted</span>Hoy</span><span class=""result-link-bar-separator"">·</span><button type=""button"" class=""sl resultLink more_links_button"" aria-expanded=""false"">más...</button>",2023-06-14,Remoto,2023-06-14 00:58:03.443432
ORACLE FUNCIONAL RDM / RMS - REMOTO,https://mx.indeed.com/rc/clk?cmp=ALTUMWARE&ti=Oracle+funcional+rdm+%2F+rms+-+remoto&jk=5140dec8b62eb2d0&fccid=40e2f86e5f227ae7&vjs=3,"<div class=""job-snippet""><ul style=""list-style-type:circle;margin-top: 0px;margin-bottom: 0px;padding-left:20px;""> 
 <li style=""margin-bottom:0px;"">Plus conocimiento en plataformas: WabMethods, OWEXX, Armado/Voz,.</li>
 <li style=""margin-bottom:0px;"">Seguro de gastos médicos mayores.</li>
 <li>Incentivos por apoyo en entrevistas o entrenamientos…</li>
</ul></div><span class=""date""><span class=""visually-hidden"">Posted</span>Hoy</span><span class=""result-link-bar-separator"">·</span><button type=""button"" class=""sl resultLink more_links_button"" aria-expanded=""false"">más...</button>",2023-06-14,Remoto,2023-06-14 00:58:05.575861
S4/HANA SD Consultant,https://mx.indeed.com/rc/clk?jk=723682037d391506&fccid=f3363a1b446e52ca&vjs=3,"<div class=""job-snippet""><ul style=""list-style-type:circle;margin-top: 0px;margin-bottom: 0px;padding-left:20px;""> 
 <li style=""margin-bottom:0px;"">Location: Remote, willingness to travel to regional plants (very occasionally).</li>
 <li>Several years of project experience in the SAP SD environment.</li>
</ul></div><span class=""date""><span class=""visually-hidden"">Posted</span>Hoy</span><span class=""result-link-bar-separator"">·</span><button type=""button"" class=""sl resultLink more_links_button"" aria-expanded=""false"">más...</button>",2023-06-14,Remoto,2023-06-14 00:58:05.618668
Senior IT PM for GDF &amp; Credit Risk,https://mx.indeed.com/rc/clk?jk=e808377f1f53a6f4&fccid=1d5bd579e19e0d9c&vjs=3,"<div class=""job-snippet""><ul style=""list-style-type:circle;margin-top: 0px;margin-bottom: 0px;padding-left:20px;""> 
 <li>10+ Years experience in software development and implementation projects, working the way up to project management, developed preferably in, but not limited to,…</li>
</ul></div><span class=""date""><span class=""visually-hidden"">Posted</span>Hoy</span><span class=""result-link-bar-separator"">·</span><button type=""button"" class=""sl resultLink more_links_button"" aria-expanded=""false"">más...</button>",2023-06-14,Remoto,2023-06-14 00:58:05.661386
Account Executive (Mexico),https://mx.indeed.com/rc/clk?jk=6df77a2917f8e2b8&fccid=eee38e15df96a3fb&vjs=3,"<div class=""job-snippet""><ul style=""list-style-type:circle;margin-top: 0px;margin-bottom: 0px;padding-left:20px;""> 
 <li style=""margin-bottom:0px;"">Al menos 3 años de experiencia comercial (B2B, SaaS).</li>
 <li>Como Account Executive (México) deberás poseer sólidas aptitudes comerciales, interpersonales y…</li>
</ul></div><span class=""date""><span class=""visually-hidden"">Posted</span>Hoy</span><span class=""result-link-bar-separator"">·</span><button type=""button"" class=""sl resultLink more_links_button"" aria-expanded=""false"">más...</button>",2023-06-14,Remoto,2023-06-14 00:58:05.700758
Wordpress Developer,https://mx.indeed.com/company/Burst-Digital/jobs/Wordpress-developer-249775b93bbeb5fa?fccid=b9e632bc461d098e&vjs=3,"<div class=""job-snippet""><ul style=""list-style-type:circle;margin-top: 0px;margin-bottom: 0px;padding-left:20px;""> 
 <li style=""margin-bottom:0px;"">We’re Burst Digital, a fully remote digital agency specialising in web design, branding, marketing, social media &amp; SEO.</li>
 <li>We operate on Slack, Asana, and Outlook.</li>
</ul></div><span class=""date""><span class=""visually-hidden"">Posted</span>Hoy</span><span class=""result-link-bar-separator"">·</span><button type=""button"" class=""sl resultLink more_links_button"" aria-expanded=""false"">más...</button>",2023-06-14,Remoto,2023-06-14 00:58:05.741034
Senior Recruiter,https://mx.indeed.com/company/XML-International/jobs/Senior-recruiter-7040e6ea98243253?fccid=9eb01b8077b40dfa&vjs=3,"<div class=""job-snippet""><ul style=""list-style-type:circle;margin-top: 0px;margin-bottom: 0px;padding-left:20px;""> 
 <li style=""margin-bottom:0px;"">Headhunting and sourcing candidates and finding new sourcing methodologies to find the right talent.</li>
 <li>As a Recruitment Consultant you will become an expert,…</li>
</ul></div><span class=""date""><span class=""visually-hidden"">Posted</span>Hoy</span><span class=""result-link-bar-separator"">·</span><button type=""button"" class=""sl resultLink more_links_button"" aria-expanded=""false"">más...</button>",2023-06-14,Remoto,2023-06-14 00:58:05.779543
Treasury Team Lead - Americas/LATAM,https://mx.indeed.com/rc/clk?jk=8629359cfbbbe5e7&fccid=bfc6aa5858cd322e&vjs=3,"<div class=""job-snippet""><ul style=""list-style-type:circle;margin-top: 0px;margin-bottom: 0px;padding-left:20px;""> 
 <li style=""margin-bottom:0px;"">Leading in managing global treasury operations including daily cash management, positioning, FX and hedging transactions.</li>
 <li>You are fluent in English.</li>
</ul></div><span class=""date""><span class=""visually-hidden"">Posted</span>Hoy</span><span class=""result-link-bar-separator"">·</span><button type=""button"" class=""sl resultLink more_links_button"" aria-expanded=""false"">más...</button>",2023-06-14,Remoto,2023-06-14 00:58:05.817406
Assoc Site Start-Up Specialist,https://mx.indeed.com/rc/clk?jk=d404bf9c823bb7f6&fccid=6b7a1dfe07e7f037&vjs=3,"<div class=""job-snippet""><ul style=""list-style-type:circle;margin-top: 0px;margin-bottom: 0px;padding-left:20px;""> 
 <li>Perform tasks at a country level associated with Site Activation (SA) activities in accordance with applicable local and/or international regulations, standard…</li>
</ul></div><span class=""date""><span class=""visually-hidden"">Posted</span>Hoy</span><span class=""result-link-bar-separator"">·</span><button type=""button"" class=""sl resultLink more_links_button"" aria-expanded=""false"">más...</button>",2023-06-14,Remoto,2023-06-14 00:58:05.854811
Account Manager (Central America),https://mx.indeed.com/rc/clk?jk=b18703ff98cedd67&fccid=abf326b90066fd15&vjs=3,"<div class=""job-snippet""><ul style=""list-style-type:circle;margin-top: 0px;margin-bottom: 0px;padding-left:20px;""> 
 <li style=""margin-bottom:0px;"">Account manager - strong phone communication skills without being too salesy.</li>
 <li>Ideally with experience in SaaS, technical account management, IT solutions for…</li>
</ul></div><span class=""date""><span class=""visually-hidden"">Posted</span>Hoy</span><span class=""result-link-bar-separator"">·</span><button type=""button"" class=""sl resultLink more_links_button"" aria-expanded=""false"">más...</button>",2023-06-14,Remoto,2023-06-14 00:58:05.897414
Clinical Rater - Psychiatric/Cognitive Scales (FT),https://mx.indeed.com/rc/clk?jk=c23795af7f9c9acf&fccid=bd7c229675b4b45a&vjs=3,"<div class=""job-snippet""><ul style=""list-style-type:circle;margin-top: 0px;margin-bottom: 0px;padding-left:20px;""> 
 <li>The CQR provides data oversight for Signant Health Rater Training, Endpoint Reliability, and Quality Assurance programs.</li>
</ul></div><span class=""date""><span class=""visually-hidden"">Posted</span>Hoy</span><span class=""result-link-bar-separator"">·</span><button type=""button"" class=""sl resultLink more_links_button"" aria-expanded=""false"">más...</button>",2023-06-14,Remoto,2023-06-14 00:58:05.935084
Acquisition Manager,https://mx.indeed.com/pagead/clk?mo=r&ad=-6NYlbfkN0C5n2rsOYNuC-bvsfMYk3envV3Yfh27-VvafeRSj0owZpCYhzwtH1iYZ7TRW3uVLKvVoCrKOaJlMxlk1jCLhMkqNej06hljqqLOT5QfCkP5SLnueYz8_rCst_-sZlw4W1gPuPwBvvHAqsN_mRTKFoihUExwGxsJNqlPHCaP0p7YLs0V3kPSkyxR8wyTE2Ftr_oFxpFbcUlaL5FCCB6wQ8noThvRIBbPZvb9T0dkQlGSfKrSK2VK8TuKO5spMZ2gTYT4u1mVx4lkSxrW8NeNE63DXi2Cph5d0ZEpvDUU4ZHX122VFqgJ2E9tjyfoo-Z3hwkRkw6Bw3bvWgDthhIqY0Jyky5ww2TqTW3oO01AOk0o9D43YtPhPsBI0eucM_4rax42wkrOoOx_eZA-HSq__b46DNV8BJKd6tP8HFsHOJHvDwB-RQ8IaLhSorqtGQ0BY5QgOQ-x9V701wkCHCDP0fJdh21L-Xd1lc7GA53V0GXPa-o9mYMTg5fRsERgJxGAKm4=&xkcb=SoDu-_M3OcecGlzamJ0BbzkdCdPP&p=10&fvj=1&vjs=3,"<div class=""job-snippet""><ul style=""list-style-type:circle;margin-top: 0px;margin-bottom: 0px;padding-left:20px;""> 
 <li style=""margin-bottom:0px;"">Call and follow up with real estate leads and try to close them(looking for closers).</li>
 <li>I can teach you how to close a deal as long you have experience in making…</li>
</ul></div><span class=""date""><span class=""visually-hidden"">Posted</span>Publicado hace 1 días</span>",2023-06-14,Remoto,2023-06-14 00:58:05.977077
Ejecutivo de ventas Call Center Home office,https://mx.indeed.com/company/Trip-Plan/jobs/Ventas-call-center-2f6435387620b016?fccid=8ec7d28ac21b6f31&vjs=3,"<div class=""job-snippet""><ul style=""list-style-type:circle;margin-top: 0px;margin-bottom: 0px;padding-left:20px;""> 
 <li>Venta telefónica: 1 año (Obligatorio).</li>
</ul></div><span class=""date""><span class=""visually-hidden"">Posted</span>Publicado hace 1 días</span><span class=""result-link-bar-separator"">·</span><button type=""button"" class=""sl resultLink more_links_button"" aria-expanded=""false"">más...</button>",2023-06-14,Remoto,2023-06-14 00:58:06.015320
ENGLISH TEACHER,https://mx.indeed.com/company/Pure-linguistics/jobs/English-teacher-ea3b804720c0364d?fccid=53a3e61bba947792&vjs=3,"<div class=""job-snippet""><ul style=""list-style-type:circle;margin-top: 0px;margin-bottom: 0px;padding-left:20px;""> 
 <li style=""margin-bottom:0px;"">This position offers flexible hours with the posibility of full time.</li>
 <li>Native Speaker or Advanced english level only.</li>
</ul></div><span class=""date""><span class=""visually-hidden"">Posted</span>Publicado hace 1 días</span><span class=""result-link-bar-separator"">·</span><button type=""button"" class=""sl resultLink more_links_button"" aria-expanded=""false"">más...</button>",2023-06-14,Remoto,2023-06-14 00:58:06.057039
Analista de Merchandising Digital Junior,https://mx.indeed.com/company/Infinita-Consulting/jobs/Merchandising-911400759f8fb238?fccid=cc52c1c55f99078c&vjs=3,"<div class=""job-snippet""><ul style=""list-style-type:circle;margin-top: 0px;margin-bottom: 0px;padding-left:20px;""> 
 <li style=""margin-bottom:0px;"">Creación de solicitud de Home / Lp.</li>
 <li>Título universitario en Negocios, Administración, Relaciones internacionales, Mercadotecnia o un campo relacionado.</li>
</ul></div><span class=""date""><span class=""visually-hidden"">Posted</span>Publicado hace 1 días</span><span class=""result-link-bar-separator"">·</span><button type=""button"" class=""sl resultLink more_links_button"" aria-expanded=""false"">más...</button>",2023-06-14,Remoto,2023-06-14 00:58:06.094591
Bilingual Customer Service Representative (100% remote),https://mx.indeed.com/pagead/clk?mo=r&ad=-6NYlbfkN0C7aF4tEwYCeZy3ZaEDCkqfEebxiiEbjxpO2lN1dGcwczH9k7fQ36cfjXRrO9qP7GoHnU7-18paXq2Ebd0Xefg6OE5DdSsOpUWSmbun4KLdMPVin_bmmgXYsYkRsP1Xw-YqFyOLIWzGxPD87-dwXWjjBx1ez49riX2vhnU5G7OHCiYnt-VMmVrTvR3dA1mpLCxSUwrUfARrq2dr-RMq9srId0gk2i83kGIDCRVIwxQsb-TCorlj4xkijveMl5DD44Cw-RMVZcE4Z-9ZNCNe4gRHP_z6eiNW-MyXwZT64l5CZPRYEGDU8RyFjrYoR4LYj_1J0Z2whN7iHSVX14v4IlQGRpYly9UTGpOcQXcKKbjLs_itI06IUpY88Bi-EM-mgIMPOUMjTnivc18CJJuSFgOJh71-5K5JhcoIJ8adzBfwOv-opPJV-8UIdFsjWEat6HxXDoHsdsF6v4iHgJizniEzj8sjd-8swOf_ngN3l2F5hJ8nYPd2LyKn_we3yC3Q53a3pfVBiOO85Q==&xkcb=SoD9-_M3OcecGlzamJ0FbzkdCdPP&p=14&fvj=1&vjs=3,"<div class=""job-snippet""><ul style=""list-style-type:circle;margin-top: 0px;margin-bottom: 0px;padding-left:20px;""> 
 <li style=""margin-bottom:0px;"">Schedule:* Tue-Sat from 8:30 am to 6:30 pm PST.</li>
 <li style=""margin-bottom:0px;"">Sales Representative: 3 years (Required).</li>
 <li>Bilingual Customer Service Representative (100% remote)*.</li>
</ul></div><span class=""date""><span class=""visually-hidden"">Posted</span>Publicado hace 1 días</span>",2023-06-14,Remoto,2023-06-14 00:58:06.131136
