,location
0,Hyderabad  India  Remote
1,Bulgaria  Remote
2,2023-07-18 - at Artefactual Systems Inc — Worldwide/Remote Full-time
3,"Alphaville, Brazil"
4,Planet Labs | IT |International
5,Carry1st | Sales |Full-time|International
6,Remote Work
7,Remote Germany
8,"Scribd | Developer, Front-End |Full-time|International"
9,2023-04-28 - at Wikimedia Foundation — Worldwide/Remote Full-time
10,Remote  Berlin  Germany
11,Northern America  Iceland
12,US  Remote  Seattle  WA
13,New York  NY  Seattle  WA  San Francisco  CA  Remote
14,2023-04-07 - at The Tor Project — Worldwide/Remote Full-time
15,UK (Remote)
16,Smarking | IT |Full-time|International
17,Remote- Bogotá Colombia
18,2023-06-06 - at XWIKI SAS — Worldwide/Remote Full-time
19,"Canonical | Account Manager, Sales |Full-time|International"
20,EMEA Only
21,Remote (Worldwide)
22,England  UK Remote
23,Dominican Republic
24,Ireland
25,Singapore
26,2023-03-26 - at (useblocks GmbH) Dominika Lothary — Worldwide/Remote Full-time
27,Europe Only
28,Portugal
29,"USD105000-165000/yrNew York, NY, USA"
30,Malta
31,Colombia
32,France  Italy  Netherlands  Remote  Barcelona  Spain  Ireland  UK  Spain  US  Germany
33,Siemens | Legal |Full-time|International
34,Eu
35,"Toronto, ON"
36,2023-03-03 - at Baserow — Worldwide/Remote Full-time
37,Remote | UK
38,Chicago  IL  US  Remote
39,Study.com | Teaching |Freelance|Full-time|International
40,Phoenix  AZ  Remote  US
41,East Coast (Remote)
42,"Remote, USA only"
43,RemoteEUR20-38hour
44,Madrid  Spain  Remote  US  Germany  Barcelona  Spain  Spain  France  Italy  Netherlands  Ireland  UK
45,Remote-Johannesburg South Africa
46,Austin  TX  New York  NY  Remote  North America
47,Denver  CO  Remote
48,Metabase | IT |Full-time|International
49,"Calcutta, India"
50,APAC only
51,"Cozymeal | Legal, Paralegal |International|Part-time"
52,"Keywords Studios | Marketing, Social Media |Freelance|Full-time|International"
53,Israel
54,"FullStack Labs | Developer, Ruby on Rails |Full-time|International"
55,Remote from Philippines
56,2023-06-05 - at Wikimedia Foundation — Worldwide/Remote Full-time
57,EU countries (Remote)
58,"Secureframe | Design, UI/UX Design |Full-time|International"
59,"Berlin, (remote), Germany"
60,San Francisco  CA  Boston  MA  Remote
61,Denmark  Remote
62,San Francisco  CA  Remote
63,Europe  Remote
64,Cyprus
65,Remote  Plano  TX
66,Scopic Software | Writing |Full-time|International
67,Brainstorm Force | Developer |Full-time|International
68,CET +/- 3 HOURS
69,Poland  Kraków  Poland  Remote
70,"Time Doctor | Back-End, Developer |Full-time|International"
71,Deel | HR |Full-time|International
72,"Exmouth, Devon, United Kingdom"
73,2023-07-19 - at Wikimedia Foundation — Worldwide/Remote Full-time
74,London  UK  Remote
75,Canada - Remote
76,Anywhere in the world!
77,New Caledonia
78,Oyster HR | Legal |Full-time|International
79,Austin  TX  New York  NY  Seattle  WA  Champaign  IL  Remote  San Francisco  CA
80,Remote  Bulgaria
81,"Pagoda Platform | Developer, Front-End |Full-time|International"
82,NaN
83,"Wilmington, Delaware, United States"
84,US  Remote  San Francisco  CA
85,"Rainforest QA | Back-End, Developer |Full-time|International"
86,New York (Remote)
87,Remote   Phoenix
88,Texas (Remote)
89,Americas
90,Northern America  Europe
91,Oyster HR | Marketing |Full-time|International
92,United States (Remote)
93,"London, London, United Kingdom"
94,Tel Aviv  Israel  France  Berlin  Germany  Munich  Germany  US  Ireland  Spain  UK  Italy  Netherlands  Germany  Remote
95,"Codeless Interactive, LLC | Writing |Freelance|International"
96,Boston  MA  Remote  US
97,Birmingham  UK
98,2023-06-07 - at OpenNebula systems — Worldwide/Remote Full-time
99,United Arab Emirates
100,Spoiler Alert Liquidation | HR |Full-time|International
101,2023-03-23 - at OpenRefine — Worldwide/Remote Part-time
102,AssemblyAI | Developer |Full-time|International
103,Belgium
104,Remote  New York  NY  Miami  FL
105,Argentina  Remote
106,VanderHouwen | Other |Freelance|Full-time|International
107,Desde casa MX
108,"Sydney,  Australia"
109,Remote within US
110,"Remote (USA), United States"
111,"Bad Nauheim, Germany"
112,Remote (Dc)
113,Kraken | Marketing |Full-time|International
114,Atlanta  GA  US  Remote
115,"Brevo CRM | Design, UI/UX Design |Full-time|International"
116,Verra | QA |Full-time|International
117,Remote-EMEA
118,Remote   Latam
119,United Nations Foundation | Writing |Full-time|International
120,"RemoteUSD30000-96000/moBled, Slovenia"
121,Remote  Canada  EMEA  US
122,Remote  Remote Worldwide  Toronto  Ontario  Canada
123,Remote  France
124,Colombia  Remote
125,2023-07-07 - at OpenNebula Systems — Worldwide/Remote Full-time
126,"Primer API | Data Science, IT |Full-time|International"
127,Spain  Remote
128,Europe  UK
129,Tel Aviv  Israel  Ireland  Spain  France  Italy  Israel  Remote  US  Germany  UK  Netherlands
130,"Hamburg, Germany"
131,"Finixio | Marketing, Social Media |Full-time|International"
132,Salt Lake  UT  Remote
133,Uruguay
134,Europe  Germany  Remote
135,"AlpacaDB | Data Science, IT |Entry-level|Full-time|International"
136,"New York, NY"
137,Remote  Europe
138,Palo Alto  CA  US  Remote
139,"Remote, Anywhere In Latam"
140,UK  Spain  Remote  Europe  Germany
141,"Kisi | Design, UI/UX Design |Full-time|International"
142,San Francisco
143,New York  NY  US  Remote
144,North Carolina (Remote)
145,Remote  US  San Francisco  CA  Portland  OR
146,New York  NY  Remote  North America
147,4Media Marketing | Marketing |Full-time|International
148,"Boston, MA, Brooklyn, NY, San Francisco, CA, Washington, D.C., Remote"
149,Remote  Colombia
150,"Boise, ID"
151,2023-05-19 - at GNOME Foundation — Worldwide/Remote Full-time
152,VRChat | Developer |Full-time|International
153,UK  Portugal  Spain
154,Subspace Labs | Writing |Full-time|International
155,Chainlink Labs | Virtual Assistant |Full-time|International
156,Remote (Nordics)
157,US  Remote  Austin  TX
158,"New York, Ny   Remote"
159,Remote - Anywhere
160,"Remote, Canada"
161,Altenmarkt im Pongau / Austria
162,Remote  Americas
163,Namibia
164,Finixio | Marketing |Full-time|International
165,Remote  US  Austin  TX
166,Bangalore  India
167,Remote  Pakistan
168,Slovenia
169,"SparkLoop | Account Manager, Sales |Full-time|International"
170,Berlitz | Teaching |Freelance|International
171,Egypt
172,Los Angeles  CA  US  Remote
173,Remote  Mexico
174,Americas Only
175,Chile
176,LATAM  Remote  Argentina
177,Remote  New York  NY
178,RemoteGermany
179,"Remote, United Kingdom"
180,SOAX | Developer |Full-time|International
181,"Remote, North America"
182,Global
183,"SearchSpring | Developer, Front-End |Full-time|International"
184,"Stockholm, Sweden"
185,Baymard Institute | Writing |Full-time|International
186,Boston
187,"Denver, Colorado, United States"
188,"Bangalore, India"
189,Macao
190,"Anywhere in France, Belgium, Spain"
191,Remote  Canada
192,"Mango Languages | Teaching, Tutoring |Freelance|International|Part-time"
193,Boston  MA  US  Remote
194,"COS - Hybrid; Seattle / Redmond - Hybrid; Allen, TX - Hybrid; Remote applies to out of COS / Seattle / Allen area"
195,Kraken | Developer |Full-time|International
196,New York  NY  US  Brooklyn  NY  Remote
197,Hongkong
198,"United Kingdom, Remote"
199,London
200,Immutable | Project Manager |Full-time|International
201,Remote
202,Outliant | HR |Full-time|International
203,"Ting Internet | Marketing, Social Media |Full-time|International"
204,Norway
205,Remote  Phoenix  AZ
206,Asia
207,"Melbourne, Australia"
208,Remote   Vietnam
209,"Remote Or Seattle, Wa"
210,RemoteUSD50-100hour
211,Spain  US  UK  France  Netherlands  Remote  Germany  Ireland  Italy
212,"Montreal, Quebec, Canada"
213,Brazil
214,India  Remote
215,Remote  Sydney  Australia
216,Guatemala
217,Ethiopia
218,BookingSync | Developer |Freelance|International
219,United States - Remote Flexibility
220,Remote  US  San Francisco  CA
221,Finixio | Editing |Full-time|International
222,"Amwell | Product Manager, Project Manager |Full-time|International"
223,Europe  South America
224,2023-02-10 - at Bonitasoft — Worldwide/Remote Full-time
225,Sporty Group | IT |Full-time|International
226,Panama
227,"Pasay, Philippines"
228,Remote  Chicago  IL  Atlanta  GA  Denver  CO
229,Remote  US  New York  NY
230,"BD - Becton, Dickinson and Company | IT |Full-time|International"
231,Remote  North America
232,United States / Canada
233,"Remote, Delaware, United States"
234,Polygon Technology | Accounting |Full-time|International
235,North America
236,"Tempo Software | Account Manager, Sales |Full-time|International"
237,remote
238,Remote  EMEA  Riga  Latvia  Tallinn  Estonia
239,iVisa | Editing |Full-time|International
240,"RemoteBerlin, GermanyBudapest, Hungary"
241,"Remote, USA; Remote, Canada"
242,Remote (USA)
243,Protocol Labs | Developer |Full-time|International
244,"Hyderabad, Telangana, India"
245,FluentU | Editing |Entry-level|International|Part-time
246,Altair | Marketing |Full-time|International
247,"Chicago, IL"
248,Brazil  Remote
249,Remote   Taiwan
250,Poland
251,Remote  EMEA  Riga  Latvia
252,GiveDirectly | IT |Full-time|International
253,"Punchh | Developer, Ruby on Rails |Full-time|International"
254,Remote - select U.S. states (some travel required)
255,Remote In Amer
256,Washington DC
257,Remote (U.S.)
258,Anywhere in France
259,South America
260,Remote  Poland  Kraków  Poland
261,Paris  France  France  Remote
262,Indonesia
263,Nature Conservancy | Virtual Assistant |Full-time|International
264,LevaData | Developer |Full-time|International
265,Remote-Seoul South Korea
266,"Catena Media | Product Manager, Project Manager |Full-time|International"
267,Europe  Remote  Warsaw  Poland  Poland
268,Remote  Golden  CO
269,"Customer.io | Developer, Front-End |High-paying|International"
270,Berlin  Germany  Remote  Europe
271,Remote  Brazil  LATAM
272,Telecommuter
273,"Abu Dhabi, United Arab Emirates"
274,Anywhere in USA
275,LATAM
276,San Francisco  CA  New York  NY  US  Remote  Denver  CO
277,Romania  Remote
278,Sri Lanka
279,Finland
280,"A2 Hosting | Operations, Project Manager |Full-time|International"
281,"Anywhere In France, Belgium, Spain"
282,UK- Remote
283,Cayman Islands
284,2023-09-01 - at OpenRefine — Worldwide/Remote Part-time
285,Remote  Brooklyn  NY
286,Victoria   Vancouver   Remote
287,Georgia Military College - GMC | Teaching |Full-time|International
288,"Sourcegraph | Design, UI/UX Design |Full-time|International"
289,Palo Alto  CA  Remote
290,"California City, CA"
291,"Redmond, WA; Remote"
292,Pakistan  Remote
293,"Denver, San Francisco, Remote"
294,RemoteGBP70000-80000/yrUnited Kingdom
295,RemoteSouth AfricaSpain
296,New York  NY  Remote  Boston  MA  Salt Lake  UT  San Francisco  CA
297,The Athletic | Writing |Full-time|International
298,2023-03-28 - at Humanitarian OpenStreetMaps Team (HOT) — Worldwide/Remote Full-time
299,"Paris, Remote"
300,Remote  Cambridge  MA
301,Remote  Tokyo  Japan
302,Kraków  Poland  Remote
303,iVisa | Accounting |Full-time|International
304,United States
305,London  UK  Remote  UK
306,ConsenSys | Marketing |Full-time|International
307,Remote  Denmark
308,"RemoteCalifornia, USA"
309,"Toronto, Ontario, Canada"
310,Spain - Remote
311,Portugal  Remote
312,2023-04-18 - at Matrix.org Foundation — Worldwide/Remote Full-time
313,New York  NY  Remote  Seattle  WA
314,2023-05-09 - at Wikimedia Foundation — Worldwide/Remote Full-time
315,New York  NY  Remote  Miami  FL
316,"Remote, Europe"
317,Social Discovery Group | Editing |Full-time|International
318,Canonical | IT |Full-time|International
319,Americas  Germany
320,"FluentU | Developer, Full-Stack |Full-time|International"
321,Remote  Argentina
322,Remote  Poland
323,Worldwide
324,Paraguay
325,Remote  Finland
326,Latin America Only
327,Remote   Est / U.S. Only
328,"SaaS Labs | Account Manager, Sales |International"
329,Remote Within the U.S.
330,"Toronto, Palo Alto, San Francisco"
331,"Roseland, Nj / Remote"
332,Toronto  Ontario  Canada  Remote
333,Verra | IT |Full-time|International
334,Atlanta  GA  Remote  US
335,"Birmingham, United Kingdon"
336,Remote   North Carolina
337,"Remote, Apac"
338,Remote  Bengaluru  India  India
339,Other (don’t specify)
340,Puerto Rico (Remote)
341,Amsterdam  Netherlands  Remote
342,Krakau
343,Canada  Mountain View  CA  Remote  US
344,Europe  Canada  LATAM  UK  Ukraine
345,2023-04-17 - at Cloud Software Group — Worldwide/Remote Full-time
346,Wichita  KS  US  Austin  TX  Dallas  TX  Orlando  FL  San Francisco  CA  Kansas City  MO  Atlanta  GA  Las Vegas  NV  Pittsburgh  PA  Philadelphia  PA  Arlington  TX  Charlotte  NC  Boise  ID  Chicago  IL  Cincinnati  OH  Houston  TX  Little Rock  AR  Phoenix  AZ  Lexington  KY  New Orleans  LA  Boston  MA  Omaha  NE  Des Moines  IA  Portland  OR  Cleveland  OH  Denver  CO  Memphis  TN  San Jose  CA  Los Angeles  CA  Arlington  VA  Salt Lake  UT  Seattle  WA  Remote  Jersey City  NJ  Madison  WI  Providence  RI  Reno  NV  Detroit  MI  Indianapolis  IN  Milwaukee  WI  Minneapolis  MN  Kansas City  KS  Nashville  TN
347,"Status Research & Development | Design, Graphic Design |Full-time|International"
348,Anywhere In The U.S. (Remote)
349,2023-05-13 - at Alves R — Worldwide/Remote Freelance
350,Timisoara
351,Brazil / Dominican Republic
352,Salt Lake  UT  Remote  US
353,"Golden, Colorado, United States of America"
354,California Remote
355,Canada  Remote  EMEA  US
356,"Bangkok, Thailand"
357,Remote within India
358,Remote (US Only)
359,Italy
360,"Remote, APAC"
361,"Remote, Americas"
362,Remote Canada
363,Remote Or Berlin
364,Razorhorse Capital | Sales |Full-time|International
365,US  Miami  FL  Remote
366,Atlanta Or Remote
367,International   Remote
368,"RemotePalm Beach, FL, USA"
369,"Remote, Global"
370,Tel Aviv  Israel  Israel  Remote
371,Holy See
372,Europe  UK  Germany  France  European timezones
373,Mountain View  CA  US  Remote
374,2023-02-08 - at Free Software Foundation — Worldwide/Remote Full-time
375,CoinTracker | HR |Full-time|International
376,"Beaverton, Oregon, US"
377,Scentbird | Marketing |Full-time|International
378,"Oregon City, OR"
379,"Denver, CO or Remote"
380,Cash App | IT |Full-time|International
381,US - Remote
382,WiFi Tribe Co. | Other |Freelance|International
383,Kyiv  Ukraine  Remote
384,UK  US  Remote
385,Curitiba or São Paulo
386,Sydney  Australia  Remote
387,2023-05-11 - at Wikimedia Foundation — Worldwide/Remote Full-time
388,Remote  Paris  France
389,Remote  Brighton  CO
390,Remote  United States
391,"Peoria, IL, US"
392,Remote In The U.S.
393,Argentina
394,Prisma.io | Developer |Full-time|International
395,Kraken | Accounting |Full-time|International
396,UK  Ireland
397,Remote  EMEA
398,2023-03-20 - at Prisma — Worldwide/Remote Full-time
399,North America  San Francisco  CA  Seattle  WA  Remote
400,Modern Campus | Customer Service |Entry-level|Freelance|Full-time|International
401,LATAM  Remote
402,Puerto Rico
403,India
404,London/Berlin/Remote Uk Or Germany
405,Germany  Remote
406,UK  Remote
407,Americas  Remote
408,Remote  San Francisco  CA
409,"Thousand Currents | Design, Graphic Design |Full-time|International"
410,APAC
411,Seattle  WA  Salt Lake  UT  US  Remote
412,Avaaz | Legal |Full-time|International
413,Wisconsin Remote
414,"LYFE Marketing | Marketing, Social Media |Full-time|International"
415,"Remote allowedLondon, UK"
416,Berlin  Germany  Remote
417,"Beirut, Lebanon"
418,2023-02-23 - at Wikimedia Foundation — Worldwide/Remote Full-time
419,New York  NY  Remote  US
420,"Carry1st | Design, UI/UX Design |Full-time|International"
421,US  Remote  Canada  San Francisco  CA
422,Switzerland
423,Africa
424,New York  NY  Miami  FL  Remote
425,Hungary
426,Miami  FL  Remote  New York  NY
427,"Hummingbird RegTech, Inc. | Marketing |International"
428,North America Only
429,Cozymeal | Sales |Full-time|International
430,"Remote UK or Hybrid Manchester, UK"
431,Oceania Only
432,Remote  Mexico City  Mexico  Mexico
433,Magic Media & Entertainment Group | Project Manager |Full-time|International
434,"Berlin, Cologne, Remote"
435,Americas  EMEA
436,Bolivia (Plurinational State Of)
437,Fully Remote
438,Portugal  Malta
439,Remote or New York City
440,"El Segundo, CA"
441,Redwood City  CA  Remote
442,RemoteUSD3200-4200/mo
443,Remote (US Candidates Only)
444,Lithuania
445,Bulgaria
446,"Boston, Ma, East Coast Remote"
447,Croatia
448,New York  NY  San Francisco  CA  Los Angeles  CA  Remote
449,Remote  Salt Lake  UT  US
450,"All Turtles | Design, Graphic Design |Full-time|High-paying|International"
451,Chicago  IL  US  Remote  Canada  Toronto  Ontario
452,"Chainlink Labs | Account Manager, Sales |Full-time|International"
453,Remote  Israel
454,"Atlanta, GA"
455,United States Remote
456,Kraken | IT |Full-time|International
457,Remote  Chicago  IL  US
458,"FluentU | Editing, Video Editing |Entry-level|International|Part-time"
459,Oyster HR | Accounting |Full-time|International
460,Remote   Pst Preferred
461,LATAM  Europe  UK  Germany  France  European timezones
462,DECA Games | Developer |Full-time|International
463,Seoul
464,"New York City, NY"
465,Costa Rica
466,"Housecall Pro | Developer, Ruby on Rails |Full-time|International"
467,Northern America
468,"Dallas, Tx Or Remote"
469,"Remote, US"
470, MX
471,Welocalize | IT |Full-time|International
472,San Francisco  CA  Remote  New York  NY  Seattle  WA
473,2023-03-02 - at Radio Galere / Association de Diffusion Numérique — Worldwide/Remote Full-time
474,Austin  TX  San Francisco  CA or Remote
475,2023-08-08 - at Wikimedia Foundation — Worldwide/Remote Full-time
476,Brazil  Poland  South Africa  Ukraine  Colombia  Argentina  Egypt  Chile  Romania  Mexico  Costa Rica
477,mParticle | IT |Full-time|International
478,"Cheltenham, The Quadrangle, Imperial Square, United Kingdom"
479,"New York, Ny"
480,RemoteUkraine
481,Sweden
482,Remote-Helsinki Finland
483,"Remote Technology, Inc. | Product Manager, Project Manager |Full-time|International"
484,Chicago  IL  Detroit  MI  Remote
485,"Baltimore, MD"
486,Remote US
487,"Kaunas, LithuaniaVilnius, Lithuania"
488,Lemon.io | Developer |Freelance|International
489,Anywhere
490,US  EMEA  Remote
491,Israel  Remote
492,USA  Canada
493,Remote France
494,Eneba | Customer Service |Entry-level|Full-time|International
495,"United States, Remote"
496,"Grammarly | Account Manager, Sales |Full-time|International"
497,"Veeva | Developer, Full-Stack |Full-time|International"
498,Madrid  Spain  Remote
499,2023-03-23 - at Prisma — Worldwide/Remote Full-time
500,Poland  Remote  Warsaw  Poland
501,"VRChat | Design, UI/UX Design |Full-time|International"
502,"Crytek GmbH | Design, Graphic Design |Freelance|Full-time|International"
503,Dubai  Remote
504,Saudi Arabia
505,Ukraine
506,UK  London  UK  Remote
507,France  Remote
508,Kanopi Studios | Virtual Assistant |Full-time|International
509,Remote  Kraków  Poland
510,Latvia
511,Ukraine  Remote
512,Jeddah Saudi Arabia
513,Congo (Democratic Republic Of The)
514,"Bremen, Germany"
515,Remote  Seattle  WA
516,Remote  India
517,"Remote, Taiwan"
518,Warsaw  Poland  Poland  Europe  Remote
519,"Inspectorio | Design, UI/UX Design |Full-time|International"
520,Slovakia
521,Atlanta  GA  Remote
522,"Xapo Bank | Data Science, IT |Full-time|International"
523,"Chainlink Labs | Data Science, IT |Full-time|International"
524,Germany  Ireland  France  US  UK  Italy  Netherlands  Barcelona  Spain  Spain  Madrid  Spain  Remote
525,Moldova (Republic Of)
526,"Newark, CA"
527,"RemoteGliwice, PolandKatowice, Poland"
528,Sao Tome And Principe
529,Binance | Virtual Assistant |Full-time|International
530,Malaysia
531,Americas Remote
532,Liberia
533,Remote  Lisbon  Portugal
534,Employment Hero | Sales |Full-time|International
535,"Moburst | Editing, Video Editing |Full-time|International"
536,2023-09-22 - at Wikimedia Foundation — Worldwide/Remote Full-time
537,Trail of Bits | Marketing |Full-time|International
538,"Kochi, Kerala, India"
539,"Remote, Ontario"
540,Nigeria
541,"Berlin, Remote"
542,Remote  US  Canada  UK
543,Remote In Indianapolis
544,"Pitch Software GmbH | Data Science, IT |Full-time|International"
545,Remote   Denmark
546,"US time zone, PST time preferred"
547,"London, England, United Kingdom"
548,San Francisco  CA  Remote  US
549,2023-06-13 - at The Organized Crime and Corruption Reporting Project (OCCRP) — Worldwide/Remote Full-time
550,Costa Rica (Remote)
551,India  Remote  Bengaluru  India
552,2023-03-29 - at Twenty.com — Worldwide/Remote Freelance
553,"Foundation Marketing | Marketing, Social Media |Full-time|International"
554,"Reykjavík, Iceland"
555,Armenia
556,Remote (India)
557,Italy  Remote
558,Remote  UK
559,Remote  India  Bengaluru  India
560,Remote-APAC
561,LATAM  Europe
562,"Houston, Texas, Remote"
563,Gabon
564,France - Remote
565,"Insightful | Developer, Front-End |Full-time|International"
566,2023-09-13 - at Prisma — Worldwide/Remote Full-time
567,Remote   Global
568,EMEA (Remote)
569,Australia
570,"Ahmadābād, India"
571,Serbia
572,"City of London, United Kingdom"
573,"CoinList | Operations, Project Manager |Full-time|International"
574,USA  UK  Canada  Australia  New Zealand  Ireland
575,"USA, Remote"
576,Greater Salt Lake City Area
577,Chainlink Labs | Developer |Full-time|International
578,Insightful | IT |Full-time|International
579,2023-04-17 - at Baserow — Worldwide/Remote Full-time
580,Remote  London  UK
581,San Francisco  CA  Remote  Seattle  WA
582,Remote  Mountain View  CA  US
583,Congo
584,2023-07-21 - at Collabora — Worldwide/Remote Full-time
585,US / Canada  Remote
586,Glopal | IT |Full-time|International
587,Georgia
588,USA  UK  Canada
589,Seattle  WA  Remote
590,"Veeva | IT, Product Manager, Project Manager |Full-time|International"
591,"Remote Technology, Inc. | Product Manager, Project Manager |Full-time|High-paying|International"
592,Europe  Remote  Warsaw  Poland
593,2023-09-19 - at Organized Crime and Corruption Reporting Project — Worldwide/Remote Full-time
594,Canada  EMEA  US  Remote
595,"Vigil | Developer, Ruby on Rails |Full-time|International"
596,"RemoteBerlin, Germany"
597,"Austin, Texas, Remote (Europe, Latin America, Canada, United States, or Mexico)"
598,"IOV Labs | Marketing, Social Media |Freelance|International"
599,Trail of Bits | IT |Full-time|International
600,"Huntress Labs | Developer, Ruby on Rails |Full-time|High-paying|International"
601,"Synctera | Developer, Front-End |Full-time|International"
602,"Remote Technology, Inc. | HR |Full-time|High-paying|International"
603,Thailand
604,"USD100000-170000/yrCharlotte, NC, USA"
605,Remote - UK
606,Remote - United States
607,Canada  Remote
608,RemoteUSD110000-/yrUnited States
609,Remote  Seattle  WA  New York  NY  San Francisco  CA  Los Angeles  CA  Toronto  Ontario
610,Warsaw  Poland  Remote
611,New York
612,San Francisco  CA  New York  NY  Remote  Canada  US  Portland  OR
613,Remote  Santa Monica  CA
614,Remote-Southeast Asia
615,France / Germany
616,United States / India
617,Remote-Mexico City  Mexico
618,Berlin
619,"Remote, Utrecht"
620,United Kingdom
621,Gurugram
622,"Remote, Remote, Remote"
623,Remote  Buenos Aires  Argentina
624,Remote  Lisbon  Portugal  Portugal
625,"The/Studio | Account Manager, Sales |Entry-level|Freelance|Full-time|International"
626,"Vilnius, Lithuania"
627,Remote  Houston  TX
628,Germany
629,EMEA  Remote
630,"Casa Grande, AZ"
631,Remote  Boston  MA
632,Canada
633,Voicemod | Marketing |Full-time|International
634,Boston  MA  Remote
635,"New York, Ny. Remote"
636,GitLab | IT |Full-time|International
637,Remote  Dallas  TX  US
638,Ferryhopper | Other |Full-time|International
639,San Francisco  CA
640,Azerbaijan
641,"Washington, DC"
642,"Bückeburg, Germany"
643,Greece
644,2023-04-20 - at Wikimedia Foundation — Worldwide/Remote Full-time
645,Remote-LATAM
646,Cambridge/Ny/Dc/Remote
647,Remote - United Kingdom
648,2023-03-08 - at The Organized Crime and Corruption Reporting Project (OCCRP) — Worldwide/Remote Full-time
649,EMEA  Remote  US
650,Remote Office
651,South Africa
652,Remote  Spain
653,Salt Lake  UT  US  Remote  Seattle  WA
654,"Achieve Test Prep | Marketing, Social Media |Full-time|International"
655,WorkMotion | Sales |Full-time|International
656,"Motive - Fleet Management Software | Accounting, Bookkeeping |Entry-level|Full-time|International"
657,Japan
658,Remote  Buenos Aires  Argentina  Argentina
659,"Invisible Technologies | Account Manager, Sales |Full-time|International"
660,European timezones
661,"Remote, Japan"
662,ConsenSys | Project Manager |Full-time|International
663,Chainlink Labs | Accounting |Full-time|International
664,"mabl Inc. | Account Manager, Sales |Full-time|International"
665,Los Angeles  CA  Remote  US
666,UK  US  Canada  Remote
667,Ecuador
668,New Zealand
669,Remote  Milan  Italy  Italy
670,2023-05-17 - at Wikimedia Foundation — Worldwide/Remote Full-time
671,"Buffer | Design, UI/UX Design |Full-time|International"
672,"Chainlink Labs | Design, UI/UX Design |Full-time|International"
673,"WorkMotion | Accounting, Bookkeeping |Full-time|International"
674,"Mozilla | Back-End, Developer |Full-time|International"
675,"SOPHiA GENETICS | Operations, Project Manager |Full-time|International"
676,"Washington, D.C. / Remote"
677,2023-08-31 - at Tails — Worldwide/Remote Full-time
678,Chicago  IL  Remote  US
679,"Veeva | Product Manager, Project Manager |Full-time|International"
680,Palo Alto  CA  Austin  TX  US  Remote
681,Remote Worldwide  Remote
682,"Bloomington, Indiana, Remote"
683,US Remote
684,"Warsaw (fully remote), Poland"
685,"San Francisco, CA"
686,Mountain View  CA  Remote
687,Spain  US  Germany  France  Remote  Barcelona  Spain  Madrid  Spain  Ireland  UK  Italy  Netherlands
688,Tunisia
689,EMEA  UK
690,Remote-Buenos Aires Argentina
691,"REMOTE, REMOTE, LATAM"
692,North Macedonia
693,Morocco
694,Hungary  Remote
695,"USD200000-255000/yrSan Francisco, CA, USA"
696,Mexico
697,Bending Spoons | IT |International
698,Contractor
699,Crimson Education | Marketing |Full-time|International
700,RemoteUSD30-35hour
701,Remote-Auckland New Zealand
702,Asia Only
703,"Remote   Southeast, Ma"
704,"Sydney, Australia"
705,Czechia
706,San Francisco  CA  US  Remote  Canada
707,CET (UTC+1)
708,Anywhere in the World
709,Bengaluru  India  India  Remote
710,2023-06-03 - at Wikimedia Foundation — Worldwide/Remote Full-time
711,IntelliPro Group | HR |Entry-level|International
712,Denver  CO  San Francisco  CA  Remote
713,"Kraken | Design, Graphic Design |Full-time|International"
714,Viet Nam
715,Uganda
716,Remote  Milan  Italy
717,"London, United Kingdom"
718,Singapore  Remote
719,Toronto  Ontario  Remote
720,Chainlink Labs | IT |Full-time|International
721,Chainlink Labs | HR |Full-time|International
722,Tokyo  Japan
723,Austin  TX  US  Remote
724,Basingstoke   Remote
725,Canada  US  Portland  OR  San Francisco  CA  New York  NY  Remote
726,"Livingston Research | Teaching, Tutoring |Freelance|International"
727,Munich  Germany  Remote
728,Remote  Charlotte  NC
729,USA and Latin America
730,Remote  Ukraine
731,Ireland  Remote
732,Remote  Toronto  Ontario  Canada
733,Austin  TX  Remote  US
734,Remoto MX
735,Remote  San Francisco  CA  US
736,Remote  Ireland
737,"vidIQ | Back-End, Developer |Full-time|High-paying|International"
738,San Francisco Or Remote
739,France
740,Curitiba or Remote
741,Remote UK
742,"Düsseldorf, Germany"
743,Remote-Tokyo Japan
744,2023-07-28 - at OpenSSL — Worldwide/Remote Full-time
745,Metabase | QA |International
746,Remote  Brazil
747,Colombia  LATAM  Remote
748,Helsinki
749,Hong Kong
750,"GitLab | Operations, Project Manager |Full-time|International"
751,2023-06-24 - at Prav App Project — Worldwide/Remote Freelance
752,ConsenSys | IT |Full-time|International
753,Philippines
754,Austin  TX  Remote
755,Turkey
756,Remote  Portugal
757,North America  New York  NY  Remote
758,Remote job
759,Australia  Indonesia
760,Canada  Remote  US
761,"Toronto, Palo Alto, San Francisco, London"
762,Remote  Germany
763,Canonical | HR |Entry-level|Full-time|International
764,San Francisco  CA  US  Remote
765,Lao People's Democratic Republic
766,Crimson Education | Teaching |Full-time|International
767,"Taiwan, Province Of China"
768,Remote  New York  NY  US
769,Sourcegraph | Marketing |Full-time|High-paying|International
770,"New York City, NY, Washington, DC, or Remote (USA Only)"
771,Belarus
772,USA - Remote
773,Netherlands
774,"Hybrid in New York City or Remote in CA, CO, CT, DC, FL, GA, IL, IN, ME, MA, MD, MI, NJ, NY, OR, PA, RI, TX, VA, WA, or WI"
775,
776,UK
777,"United States, India, Colombia or Philippines"
778,Đ. Nguyễn Công Trứ  Nguyễn Thái Bình  Quận 1  Thành phố Hồ Chí Minh  Vietnam
779,Canada  San Francisco  CA  US  Remote
780,Remote  Hyderabad  India
781,"Coinbase | Design, UI/UX Design |Full-time|High-paying|International"
782,Remote  Seoul  South Korea
783,Spain
784,Phoenix  AZ  Remote
785,USA Only
786,"SuperSummary | Data Science, IT |Full-time|International"
787,MUST be able to work 8am - 4pm AEST
788,Malawi
789,"Remote (Washington, Dc Or New York City Preferred)"
790,2023-05-02 - at Open Observatory of Network Interference (OONI) — Worldwide/Remote Full-time
791,US  Remote  Romania
792,Remoto in Desde casa MX
793,"Indianapolis, In   Remote"
794,"Orlando, United States"
795,California
796,Remote  US  Canada
797,"Karlsruhe, Germany"
798,Remote   Asian Time Zone Preferred
799,Remote - Netherlands
800,LATAM  Remote  Costa Rica
801,Remote  Overland Park  KS
802,REMOTE - USA
803,Remote  Costa Rica
804,Remote  Warsaw  Poland
805,"Vigil | Developer, Full-Stack |Full-time|International"
806,Remote With Frequent Travel
807,Latin America ONLY
808,"Crossref | Accounting, Bookkeeping |Full-time|International"
809,"Lime | Back-End, Developer |Full-time|International"
810,UK  Germany  France  Belgium  Netherlands
811,"Remote, USA"
812,San Francisco  CA  Seattle  WA  US  Remote
813,Mexico City  Mexico  Remote
814,Korea (Republic Of)
815,Remote  Singapore
816,2023-09-26 - at Wikimedia Foundation — Worldwide/Remote Full-time
817,2023-07-10 - at Wikimedia Foundation — Worldwide/Remote Full-time
818,Day Translations | Customer Service |Full-time|International
819,HeyCarson | Sales |Full-time|International
820,Remote - India
821,Northern America  Europe  UK  Australia  New Zealand
822,North America  Remote
823,UK/EU or compatible timezone (Remote)
824,USA
825,ConsenSys | Developer |Full-time|International
826,"Redwood City, CA"
827,"Remote, Tampa"
828,Remote  Chicago  IL
829,Seattle  WA  Remote  US
830,Icertis | Developer |Full-time|International
831,Festanstellung
832,San Diego  CA  Remote
833,"Mumbai, Maharashtra, IndiaBangalore, Karnataka, India"
834,Remote  US
835,Scopic Software | Marketing |Full-time|International
836,France  Remote  Paris  France
837,"Sourcegraph | Product Manager, Project Manager |Full-time|International"
838,RemoteEUR75000-85000/yr
839,"2 Roles, One In Boston, Ma; One Remote (Within The U.S.)"
840,"Vilnius, Kaunas, Remote, Hybrid"
841,Poland  Remote  EMEA
842,Bengaluru  India  Remote
843,Remote  US  Charlotte  NC
844,Cozymeal | Sales |Full-time|International|Part-time
845,Mexico  Remote
846,"Santa Monica, CA / Remote"
847,"BookingSync | Developer, Front-End |Full-time|International"
848,"NYC, DC, or Telecommuter"
849,Houston  TX  Remote
850,Remote  Lehi  UT
851,US  Remote
852,Cozymeal | Accounting |International|Part-time
853,WeeCare | Customer Service |Entry-level|Full-time|International
854,2023-06-07 - at The Organized Crime and Corruption Reporting Project (OCCRP) — Worldwide/Remote Full-time
855,Amwell | HR |Full-time|International
856,Estonia
857,Argentina  Buenos Aires  Argentina  Remote
858,Fingerprint Pro | Marketing |Full-time|International
859,2023-02-28 - at Wikimedia Foundation — Worldwide/Remote Full-time
860,Denmark
861,"Salt Lake City, Ut   Remote"
862,Remote-Manila  Philippines
863,LBC Mortgage | Other |Full-time|International
864,Mongolia
865,Open to any office locatioRemote
866,"4Media Marketing | Design, Graphic Design |Full-time|International"
867,Dublin  Ireland  Ireland  Remote  US
868,Pune  India
869,Mozambique
870,Remote  Sunnyvale  CA
871,Sardine AI | Customer Service |Full-time|International
872,Belgrade  Serbia  Remote
873,Remote  Los Angeles  CA
874,Latin America
875,New York City Or Remote
876,"Remote, Worldwide"
877,San Francisco  CA  Seattle  WA  Salt Lake  UT  US  Remote
878,Montana   Remote
879,"Claymont, Ukraine or other European countries"
880,Honduras
881,"Food and Agriculture Organization of the United Nations - FAO | Design, Graphic Design |Full-time|International"
882,"Austin, TX"
883,US  Canada  Remote
884,"D-Wave Systems | Legal, Paralegal |Full-time|International"
885,Romania
886,Canada (Remote)
887,Remote (Anywhere In The U.S.)
888,Poland  Remote
889,Austria
890,349 St 1  I-9/3 I 9/3 I-9  Islamabad  Islamabad Capital Territory 46000  Pakistan
891,"Percona | Design, Graphic Design |Full-time|International"
892,Office Location or Remote - USA
893,LATAM  Remote  Brazil
894,"Remote , UK"
895,Remote  North America  New York  NY
896,Taiwan  Remote
897,Niger
898,"Remote, EMEA"
899,EMEA
900,"Mérida, Mexico"
901,SuperSummary | Writing |Freelance|International
902,Cozymeal | HR |International
903,Ruggable | Customer Service |Entry-level|Full-time|International
904,Appinio | HR |Full-time|International
905,New York  NY  Remote
906,Tempo Software | Marketing |Full-time|International
907,Remote - Japan
908,LATAM  Remote  Colombia
909,Europe
910,Superside | Marketing |Full-time|International
911,Remote Poland
912,Remote  Austin  TX  US
913,2023-04-17 - at Inkscape — Worldwide/Remote Freelance
914,US  Canada  Mountain View  CA  Remote
